experiment,stealth_pre_attack_accuracy,stealth_pre_attack_round_single,stealth_pre_attack_accuracy_avg5,stealth_attack_phase_avg_accuracy,stealth_attack_phase_min_accuracy,stealth_attack_phase_max_accuracy,stealth_max_accuracy_drop,stealth_max_accuracy_drop_single,stealth_max_accuracy_drop_avg5,stealth_max_drop_round,stealth_avg_accuracy_drop,stealth_avg_accuracy_drop_single,stealth_avg_accuracy_drop_avg5,stealth_accuracy_variance,stealth_attack_phase_rounds,stealth_is_stealthy,durability_peak_backdoor_accuracy,durability_final_backdoor_accuracy,durability_attack_start,durability_attack_end,durability_lifespan_50,durability_lifespan_40,durability_lifespan_30,durability_lifespan_25,durability_stab_threshold_50,durability_stab_threshold_40,durability_stab_threshold_30,durability_stab_threshold_25,durability_stab_threshold_20,durability_stab_volatility_10,durability_stab_volatility_05,durability_stab_volatility_03,durability_post_attack_volatility,durability_impact_rounds_above_50,durability_impact_rounds_above_40,durability_impact_rounds_above_30,durability_impact_rounds_above_25,durability_post_attack_rounds,durability_post_attack_avg_ba,durability_post_attack_min_ba,durability_post_attack_max_ba,durability_stab_window,durability_stab_tolerance
EX_SET1_A(1)_20260321_173753,0.7947368421052632,49,0.7852631578947369,0.7882003395585738,0.7236842105263158,0.8289473684210527,0.07105263157894737,0.07105263157894737,0.061578947368421066,54,0.012224108658743646,0.012224108658743646,0.008013582342954175,0.023692697969887398,31,False,0.4939759036144578,0.2289156626506024,50,80,0,1,2,3,20,20,20,304,-1,20,296,682,0.06253985340121201,0,17,118,320,919,0.22886322220328542,0.024096385542168676,0.46987951807228917,20,0.8
EX_SET1_A(2)_20260321_215907,0.7315789473684211,49,0.7794736842105264,0.7766553480475382,0.6973684210526315,0.8157894736842105,0.03421052631578958,0.03421052631578958,0.0821052631578949,72,0.0017826825127334521,0.0017826825127334521,0.012020373514431294,0.028777347068244197,31,True,0.5662650602409639,0.20481927710843373,50,80,0,0,0,0,20,20,38,529,-1,35,245,-1,0.06395058260563634,2,18,194,417,919,0.2402427992710778,0.08433734939759036,0.4578313253012048,20,0.8
EX_SET1_A(3)_20260321_225700,0.7947368421052632,49,0.7915789473684212,0.7799660441426145,0.7157894736842105,0.8157894736842105,0.07894736842105265,0.07894736842105265,0.07578947368421063,63,0.018675721561969456,0.018675721561969456,0.016859083191850654,0.027630972586119094,31,False,0.5060240963855421,0.21686746987951808,50,80,0,0,0,0,20,20,20,33,53,20,340,620,0.05707555505500103,1,13,88,302,919,0.21925351023244227,0.03614457831325301,0.42168674698795183,20,0.8
EX_SET1_A(4)_20260322_082932,0.7552631578947369,49,0.7736842105263158,0.7871816638370118,0.6947368421052632,0.8315789473684211,0.06052631578947365,0.06052631578947365,0.07894736842105254,60,0.004159592529711374,0.004159592529711374,0.007724957555178257,0.03251352396709627,31,False,0.6024096385542169,0.27710843373493976,50,80,0,0,1,1,20,20,20,227,-1,20,252,789,0.06078076616278206,2,9,140,328,919,0.22844369862474928,0.03614457831325301,0.4819277108433735,20,0.8
EX_SET1_A(5)_20260322_092240,0.7973684210526316,49,0.7984210526315789,0.7880305602716469,0.6657894736842105,0.8210526315789474,0.13157894736842113,0.13157894736842113,0.13263157894736843,55,0.014346349745331086,0.014346349745331086,0.014889643463497436,0.03262053229600789,31,False,0.6385542168674698,0.25301204819277107,50,80,0,0,1,1,20,20,20,118,-1,54,237,792,0.06056489700462675,2,8,134,312,919,0.22357984713609608,0.024096385542168676,0.46987951807228917,20,0.8
EX_SET1_B(1)_20260322_102145,0.7973684210526316,49,0.7863157894736842,0.7745331069609509,0.6631578947368421,0.8105263157894737,0.13421052631578956,0.13421052631578956,0.12315789473684213,54,0.023853989813242816,0.023853989813242816,0.015670628183361623,0.030495955083295553,31,False,0.6626506024096386,0.2289156626506024,50,80,0,0,1,1,20,20,20,47,-1,61,273,628,0.06148288548575934,2,20,152,346,919,0.23317644899510995,0.07228915662650602,0.4578313253012048,20,0.8
EX_SET1_B(2)_20260322_112501,0.8026315789473685,49,0.7747368421052632,0.7853140916808148,0.7236842105263158,0.8157894736842105,0.07894736842105265,0.07894736842105265,0.05105263157894735,78,0.019694397283531444,0.019694397283531444,0.006417657045840415,0.025746241902279025,31,False,0.4819277108433735,0.20481927710843373,50,80,0,0,0,0,20,20,20,51,-1,20,278,882,0.05875151478835764,0,8,137,386,919,0.23406793659949918,0.060240963855421686,0.4819277108433735,20,0.8
EX_SET1_B(3)_20260322_122140,0.8342105263157895,49,0.8152631578947368,0.7848896434634974,0.7,0.8263157894736842,0.13421052631578956,0.13421052631578956,0.11526315789473685,67,0.04932088285229206,0.04932088285229206,0.03118845500848892,0.0261394772778975,31,False,0.4578313253012048,0.1927710843373494,50,80,0,0,0,0,20,20,83,133,576,95,316,820,0.06380648732420599,0,12,114,257,919,0.21445520930293535,0.04819277108433735,0.4939759036144578,20,0.8
EX_SET1_B(4)_20260322_131613,0.7526315789473684,49,0.7947368421052631,0.7749575551782683,0.7026315789473684,0.8236842105263158,0.050000000000000044,0.050000000000000044,0.09210526315789469,57,0.005348047538200349,0.005348047538200349,0.024702886247877715,0.03345226452316165,31,False,0.5903614457831325,0.1927710843373494,50,80,0,1,1,1,20,20,25,66,442,22,288,857,0.05784658834083733,5,16,84,237,919,0.21171519593062132,0.060240963855421686,0.5783132530120482,20,0.8
EX_SET1_B(5)_20260322_142445,0.7973684210526316,49,0.781578947368421,0.7858234295415959,0.7131578947368421,0.8131578947368421,0.08421052631578951,0.08421052631578951,0.06842105263157894,54,0.01612903225806453,0.01612903225806453,0.009337860780984713,0.027193073735173667,31,False,0.5180722891566265,0.2289156626506024,50,80,0,0,0,0,20,20,30,33,158,25,284,-1,0.059697173129433866,2,12,108,279,919,0.21724766312256644,0.03614457831325301,0.43373493975903615,20,0.8
EX_SET1_C(1)_20260322_152605,0.7894736842105263,49,0.7531578947368421,0.7789473684210525,0.6736842105263158,0.8289473684210527,0.11578947368421055,0.11578947368421055,0.07947368421052636,69,0.0169779286926995,0.0169779286926995,0.004736842105263161,0.032194297023688714,31,False,0.6024096385542169,0.27710843373493976,50,80,0,0,0,0,20,20,71,119,-1,52,405,550,0.06265656976670994,3,13,144,306,919,0.2238027190371934,0.04819277108433735,0.4819277108433735,20,0.8
EX_SET1_C(2)_20260322_162024,0.7868421052631579,49,0.7673684210526316,0.7835314091680815,0.7078947368421052,0.8236842105263158,0.07894736842105265,0.07894736842105265,0.059473684210526345,72,0.011375212224108665,0.011375212224108665,0.005314091680814942,0.027474219779812806,31,False,0.5301204819277109,0.20481927710843373,50,80,0,0,0,2,20,20,23,137,-1,20,480,-1,0.06348919227587378,2,11,164,378,919,0.23058064685291768,0.03614457831325301,0.5542168674698795,20,0.8
EX_SET1_C(3)_20260322_171421,0.8289473684210527,49,0.8178947368421052,0.7864176570458404,0.7026315789473684,0.8263157894736842,0.12631578947368427,0.12631578947368427,0.11526315789473685,58,0.042529711375212255,0.042529711375212255,0.032139219015280114,0.03271421888653631,31,False,0.5662650602409639,0.18072289156626506,50,80,0,0,0,0,20,20,20,520,-1,20,320,634,0.05903109664482935,5,14,140,355,919,0.23471033207913264,0.04819277108433735,0.5542168674698795,20,0.8
EX_SET1_C(4)_20260322_215216,0.8105263157894737,49,0.7852631578947368,0.7797962648556876,0.7289473684210527,0.8289473684210527,0.08157894736842097,0.08157894736842097,0.0563157894736841,71,0.032258064516129,0.032258064516129,0.014278438030560234,0.028886595670074528,31,False,0.5301204819277109,0.13253012048192772,50,80,0,0,0,0,20,20,23,34,733,28,252,812,0.06287399966432969,1,17,134,302,919,0.2226228089725605,0.060240963855421686,0.46987951807228917,20,0.8
EX_SET1_C(5)_20260322_224618,0.8,49,0.8005263157894736,0.7812393887945671,0.7078947368421052,0.8131578947368421,0.0921052631578948,0.0921052631578948,0.0926315789473684,70,0.01960950764006795,0.01960950764006795,0.020067911714770757,0.02354483292904094,31,False,0.5542168674698795,0.1686746987951807,50,80,0,0,1,1,20,20,20,252,602,38,199,700,0.061364247672619915,2,11,129,316,919,0.22177065170365903,0.04819277108433735,0.5421686746987951,20,0.8
EX_SET1_D(1)_20260322_233932,0.7894736842105263,49,0.7905263157894737,0.78276740237691,0.7131578947368421,0.8236842105263158,0.07631578947368423,0.07631578947368423,0.07736842105263164,50,0.012563667232597633,0.012563667232597633,0.013310696095076445,0.025818446933677817,31,False,0.46987951807228917,0.10843373493975904,50,80,0,0,0,0,20,20,42,100,-1,33,629,-1,0.06664459552516674,0,11,115,267,919,0.213249079014644,0.03614457831325301,0.4819277108433735,20,0.8
EX_SET1_D(2)_20260323_003335,0.7947368421052632,49,0.8,0.7784380305602715,0.6947368421052632,0.8184210526315789,0.09999999999999998,0.09999999999999998,0.10526315789473684,69,0.019609507640067934,0.019609507640067934,0.023599320882852326,0.028806830737786,31,False,0.5421686746987951,0.2891566265060241,50,80,0,0,0,0,20,20,22,157,-1,20,279,-1,0.06143598716612136,1,8,132,337,919,0.2255332537986549,0.024096385542168676,0.4457831325301205,20,0.8
EX_SET1_D(3)_20260323_012712,0.8184210526315789,49,0.7784210526315789,0.7740237691001697,0.7,0.8184210526315789,0.11842105263157898,0.11842105263157898,0.07842105263157895,54,0.044397283531409176,0.044397283531409176,0.017079796264855677,0.03703422299565508,31,False,0.5421686746987951,0.2289156626506024,50,80,0,0,0,0,20,21,33,34,-1,32,346,780,0.0635516670204541,3,20,140,341,919,0.2295187277947481,0.060240963855421686,0.46987951807228917,20,0.8
EX_SET1_D(4)_20260323_022051,0.7736842105263158,49,0.7863157894736842,0.7831918505942274,0.6868421052631579,0.8342105263157895,0.08684210526315783,0.08684210526315783,0.09947368421052627,51,0.00721561969439727,0.00721561969439727,0.01241086587436332,0.028928841115242278,31,False,0.43373493975903615,0.24096385542168675,50,80,0,0,1,1,20,20,42,510,-1,54,404,-1,0.06698558494178626,0,22,214,442,919,0.24252395872936797,0.07228915662650602,0.4819277108433735,20,0.8
EX_SET1_D(5)_20260323_031405,0.8026315789473685,49,0.8005263157894736,0.7853989813242782,0.718421052631579,0.8184210526315789,0.08421052631578951,0.08421052631578951,0.08210526315789468,54,0.019694397283531433,0.019694397283531433,0.01820033955857381,0.02492684318948317,31,False,0.5301204819277109,0.27710843373493976,50,80,0,0,8,8,20,20,40,68,-1,61,469,-1,0.06362004579105994,1,15,164,388,919,0.23425147816510877,0.04819277108433735,0.4939759036144578,20,0.8
EX_SET1_E(1)_20260323_112820,0.8157894736842105,49,0.8078947368421051,0.781748726655348,0.7157894736842105,0.8394736842105263,0.09999999999999998,0.09999999999999998,0.09210526315789458,56,0.03480475382003393,0.03480475382003393,0.02758913412563653,0.027832896396603874,31,False,0.5421686746987951,0.1927710843373494,50,80,0,0,1,2,20,20,23,97,531,23,420,679,0.06611606040386316,2,14,149,341,919,0.22184931237463457,0.060240963855421686,0.4939759036144578,20,0.8
EX_SET1_E(2)_20260323_121358,0.7973684210526316,49,0.7894736842105263,0.7749575551782683,0.6973684210526315,0.8157894736842105,0.10000000000000009,0.10000000000000009,0.0921052631578948,60,0.023938879456706315,0.023938879456706315,0.018251273344651965,0.029105397732485567,31,False,0.5421686746987951,0.26506024096385544,50,80,0,0,1,11,20,20,64,223,-1,20,232,883,0.05952165184391553,3,15,142,397,919,0.23478899275010817,0.07228915662650602,0.4578313253012048,20,0.8
EX_SET1_E(3)_20260323_130038,0.7447368421052631,49,0.7957894736842105,0.7769100169779287,0.7078947368421052,0.8342105263157895,0.0368421052631579,0.0368421052631579,0.08789473684210525,71,0.005857385398981321,0.005857385398981321,0.025534804753820015,0.03830256710728424,31,True,0.5662650602409639,0.2891566265060241,50,80,0,0,1,5,20,20,20,36,-1,20,406,855,0.06075021839170457,6,21,175,416,919,0.23741101511595897,0.07228915662650602,0.4819277108433735,20,0.8
EX_SET1_E(4)_20260323_134950,0.7684210526315789,49,0.7931578947368422,0.7764006791171477,0.7131578947368421,0.8236842105263158,0.05526315789473679,0.05526315789473679,0.08000000000000007,51,0.009592529711375189,0.009592529711375189,0.02115449915110361,0.030215323530785754,31,False,0.5421686746987951,0.1686746987951807,50,80,0,0,0,0,20,20,49,51,-1,38,390,-1,0.06478406033266777,2,22,155,362,919,0.23240295239718392,0.07228915662650602,0.5060240963855421,20,0.8
EX_SET1_E(5)_20260323_143857,0.8,49,0.7778947368421052,0.780899830220713,0.6657894736842105,0.8315789473684211,0.13421052631578956,0.13421052631578956,0.11210526315789471,73,0.02487266553480478,0.02487266553480478,0.015500848896434613,0.03996170686629078,31,False,0.5421686746987951,0.26506024096385544,50,80,0,0,5,8,20,20,21,229,-1,20,438,-1,0.06517562846043867,2,21,191,420,919,0.2422093160454659,0.060240963855421686,0.4819277108433735,20,0.8
EX_SET1_F(1)_20260323_152414,0.8157894736842105,49,0.7921052631578948,0.7681663837011884,0.7,0.8236842105263158,0.11578947368421055,0.11578947368421055,0.0921052631578948,57,0.04787775891341255,0.04787775891341255,0.02979626485568762,0.036186872876279655,31,False,0.5542168674698795,0.20481927710843373,50,80,0,1,2,2,20,20,20,104,-1,34,380,873,0.06263123459454055,3,21,179,409,919,0.23566737024266818,0.07228915662650602,0.5060240963855421,20,0.8
EX_SET1_F(2)_20260323_160955,0.7894736842105263,49,0.7836842105263159,0.7803056027164684,0.6973684210526315,0.8315789473684211,0.0921052631578948,0.0921052631578948,0.08631578947368435,72,0.014855687606112071,0.014855687606112071,0.01151103565365031,0.02686162832964195,31,False,0.5783132530120482,0.24096385542168675,50,80,0,0,1,1,20,20,32,47,88,42,215,654,0.05887836608398672,2,8,84,239,919,0.20956513759062362,0.024096385542168676,0.5180722891566265,20,0.8
EX_SET1_F(3)_20260323_165549,0.7368421052631579,49,0.7636842105263159,0.7796264855687606,0.7131578947368421,0.8315789473684211,0.023684210526315752,0.023684210526315752,0.05052631578947375,57,0.0016977928692699436,0.0016977928692699436,0.005161290322580657,0.02901083745294,31,True,0.5421686746987951,0.14457831325301204,50,80,0,1,1,1,20,20,21,64,-1,31,351,660,0.06259581567290301,2,15,113,297,919,0.2215477798025617,0.03614457831325301,0.46987951807228917,20,0.8
EX_SET1_F(4)_20260323_174157,0.8,49,0.8026315789473685,0.7730050933786078,0.6973684210526315,0.8263157894736842,0.10263157894736852,0.10263157894736852,0.10526315789473695,57,0.03123938879456709,0.03123938879456709,0.03285229202037355,0.03892583414833657,31,False,0.5783132530120482,0.24096385542168675,50,80,0,0,0,0,20,20,28,40,-1,20,315,-1,0.06110391772593803,3,13,118,307,919,0.22131179778963514,0.060240963855421686,0.4819277108433735,20,0.8
EX_SET1_F(5)_20260323_182730,0.7631578947368421,49,0.7689473684210525,0.7691001697792867,0.6026315789473684,0.8184210526315789,0.16052631578947374,0.16052631578947374,0.16631578947368408,53,0.014855687606112064,0.014855687606112064,0.01684210526315784,0.04759675833922251,31,False,0.6024096385542169,0.2289156626506024,50,80,0,0,0,0,20,20,20,33,-1,20,537,828,0.06268755123154489,2,6,138,307,919,0.22055141130353845,0.03614457831325301,0.4457831325301205,20,0.8
EX_SET1_G(1)_20260324_151721,0.8131578947368421,49,0.7794736842105262,0.7683361629881154,0.6894736842105263,0.8131578947368421,0.12368421052631573,0.12368421052631573,0.08999999999999986,54,0.04482173174872664,0.04482173174872664,0.02112054329371811,0.03766305805793047,31,False,0.6024096385542169,0.21686746987951808,50,80,0,0,0,0,20,20,27,111,-1,20,373,-1,0.06318035887259207,3,19,132,332,919,0.22457621563511937,0.024096385542168676,0.4939759036144578,20,0.8
EX_SET1_G(2)_20260324_160718,0.7868421052631579,49,0.7863157894736843,0.7753820033955857,0.6578947368421053,0.8263157894736842,0.1289473684210526,0.1289473684210526,0.128421052631579,53,0.018251273344651958,0.018251273344651958,0.017979626485568813,0.036258207509078044,31,False,0.4939759036144578,0.2289156626506024,50,80,0,0,0,0,20,20,20,22,-1,20,381,-1,0.05856793639351444,1,17,131,355,919,0.2323898422853547,0.04819277108433735,0.5662650602409639,20,0.8
EX_SET1_G(3)_20260324_165712,0.7736842105263158,49,0.7736842105263158,0.782427843803056,0.6763157894736842,0.8263157894736842,0.09736842105263155,0.09736842105263155,0.09736842105263155,54,0.00831918505942273,0.00831918505942273,0.00831918505942273,0.030503523681034966,31,False,0.6024096385542169,0.20481927710843373,50,80,0,0,0,0,20,20,20,23,77,20,209,795,0.05598127052127675,1,9,87,244,919,0.21326218912647324,0.060240963855421686,0.46987951807228917,20,0.8
EX_SET1_G(4)_20260324_174653,0.7763157894736842,49,0.7805263157894736,0.7782682512733448,0.7315789473684211,0.8105263157894737,0.044736842105263075,0.044736842105263075,0.04894736842105252,56,0.008404074702886241,0.008404074702886241,0.010220713073005074,0.02224649683415774,31,True,0.5180722891566265,0.30120481927710846,50,80,0,0,1,2,20,20,20,20,-1,27,148,-1,0.05480670607750544,2,5,93,327,919,0.22393382015548594,0.03614457831325301,0.5180722891566265,20,0.8
EX_SET1_G(5)_20260324_183638,0.7368421052631579,49,0.7694736842105263,0.7859932088285229,0.6973684210526315,0.8289473684210527,0.03947368421052633,0.03947368421052633,0.07210526315789478,52,0.002292020373514428,0.002292020373514428,0.007741935483870968,0.03386047015258237,31,True,0.5421686746987951,0.21686746987951808,50,80,0,1,3,3,20,20,27,100,-1,20,284,622,0.05706118002442034,2,13,108,280,919,0.2202498787314656,0.07228915662650602,0.4457831325301205,20,0.8
EX_SET1_H(1)_20260324_192625,0.8105263157894737,49,0.778421052631579,0.76893039049236,0.6526315789473685,0.8131578947368421,0.1578947368421052,0.1578947368421052,0.12578947368421056,61,0.041680814940577196,0.041680814940577196,0.01966044142614603,0.041644515006414,31,False,0.6746987951807228,0.1566265060240964,50,80,0,0,1,1,20,24,33,48,408,35,327,380,0.06122888219067881,6,21,77,194,919,0.2026692187684361,0.024096385542168676,0.5060240963855421,20,0.8
EX_SET1_H(2)_20260324_201652,0.7684210526315789,49,0.7684210526315789,0.7852292020373512,0.7078947368421052,0.8157894736842105,0.06052631578947365,0.06052631578947365,0.06052631578947365,63,0.005687606112054322,0.005687606112054322,0.005687606112054322,0.02688573526150315,31,False,0.5662650602409639,0.20481927710843373,50,80,0,0,0,1,20,20,20,98,-1,54,310,623,0.060342701716129814,2,10,97,282,919,0.21594976205147032,0.03614457831325301,0.4819277108433735,20,0.8
EX_SET1_H(3)_20260324_210914,0.7605263157894737,49,0.7863157894736842,0.7751273344651953,0.65,0.8210526315789474,0.1105263157894737,0.1105263157894737,0.13631578947368417,65,0.009592529711375216,0.009592529711375216,0.018981324278438023,0.04051172390342846,31,False,0.6024096385542169,0.21686746987951808,50,80,0,0,0,0,20,20,112,330,-1,94,329,-1,0.06681987231237695,5,20,203,410,919,0.24173735201961274,0.060240963855421686,0.5421686746987951,20,0.8
EX_SET1_H(4)_20260324_220313,0.8052631578947368,49,0.7805263157894736,0.7814091680814943,0.7052631578947368,0.8263157894736842,0.09999999999999998,0.09999999999999998,0.07526315789473681,56,0.02538200339558569,0.02538200339558569,0.010390492359932064,0.0274234895023784,31,False,0.4939759036144578,0.24096385542168675,50,80,0,0,0,0,20,20,23,61,-1,37,134,327,0.056258109682011115,0,5,73,246,919,0.21336707002110725,0.03614457831325301,0.46987951807228917,20,0.8
EX_SET1_H(5)_20260324_225706,0.8131578947368421,49,0.7810526315789474,0.7627334465195247,0.6131578947368421,0.8131578947368421,0.19999999999999996,0.19999999999999996,0.16789473684210532,53,0.05042444821731745,0.05042444821731745,0.02691001697792873,0.049124828157951536,31,False,0.5421686746987951,0.2289156626506024,50,80,0,0,0,0,20,20,20,20,71,20,500,581,0.059210217393673256,4,10,131,332,919,0.22782752336877435,0.04819277108433735,0.42168674698795183,20,0.8
EX_SET1_Z(1)_20260324_235903,0.8052631578947368,49,0.7836842105263158,0.782427843803056,0.7131578947368421,0.8289473684210527,0.09210526315789469,0.09210526315789469,0.07052631578947366,57,0.02495755517826821,0.02495755517826821,0.012359932088285223,0.029674963540240223,31,False,0.5903614457831325,0.1566265060240964,50,80,0,1,1,20,20,20,72,180,-1,48,261,-1,0.061335683062720636,2,19,166,392,919,0.23509052532218103,0.060240963855421686,0.4939759036144578,20,0.8
EX_SET1_Z(2)_20260325_004913,0.7263157894736842,49,0.7521052631578948,0.7826825127334465,0.7157894736842105,0.8289473684210527,0.010526315789473717,0.010526315789473717,0.0363157894736843,69,0.0005942275042444841,0.0005942275042444841,0.00320882852292022,0.02896151323910713,31,True,0.5180722891566265,0.12048192771084337,50,80,0,0,0,3,20,20,48,58,-1,49,575,886,0.0647805953631386,2,14,130,303,919,0.21880776643024766,0.04819277108433735,0.5903614457831325,20,0.8
EX_SET1_Z(3)_20260325_013921,0.8,49,0.7978947368421053,0.7673174872665535,0.6842105263157895,0.8131578947368421,0.11578947368421055,0.11578947368421055,0.11368421052631583,69,0.03463497453310699,0.03463497453310699,0.033073005093378655,0.03754206132077129,31,False,0.5783132530120482,0.26506024096385544,50,80,0,0,0,0,20,20,20,839,-1,66,385,-1,0.06513272181028883,5,20,293,570,919,0.2573514952082541,0.03614457831325301,0.4819277108433735,20,0.8
EX_SET1_Z(4)_20260325_022936,0.8026315789473685,49,0.7673684210526316,0.7770797962648559,0.6447368421052632,0.8184210526315789,0.1578947368421053,0.1578947368421053,0.12263157894736842,54,0.026400679117147746,0.026400679117147746,0.008336162988115448,0.03486680597641277,31,False,0.7108433734939759,0.20481927710843373,50,80,0,0,1,2,20,20,38,93,-1,23,229,-1,0.06363394123254967,2,16,140,340,919,0.2250612897728018,0.03614457831325301,0.4457831325301205,20,0.8
EX_SET1_Z(5)_20260325_031949,0.7447368421052631,49,0.7873684210526315,0.7971137521222411,0.6973684210526315,0.8263157894736842,0.047368421052631615,0.047368421052631615,0.08999999999999997,51,0.0022920203735144313,0.0022920203735144313,0.007317487266553464,0.029037776194313223,31,True,0.5421686746987951,0.3253012048192771,50,80,0,0,0,2,20,20,20,82,-1,36,315,-1,0.06057563453588044,2,10,116,303,919,0.22254414830158503,0.04819277108433735,0.5060240963855421,20,0.8
EX_SET2_E(1)_20260323_191256,0.7973684210526316,49,0.8047368421052632,0.711244019138756,0.6210526315789474,0.8157894736842105,0.1763157894736842,0.1763157894736842,0.18368421052631578,54,0.08947368421052632,0.08947368421052632,0.09483253588516748,0.06862410062876248,11,False,0.8313253012048193,0.21686746987951808,50,60,0,0,1,1,20,20,20,110,500,20,285,870,0.059944227850095115,8,18,93,253,939,0.21512247071352503,0.08433734939759036,0.4939759036144578,20,0.8
EX_SET2_E(2)_20260323_195819,0.8157894736842105,49,0.8021052631578949,0.7284688995215312,0.6447368421052632,0.7894736842105263,0.17105263157894735,0.17105263157894735,0.1573684210526317,59,0.08732057416267938,0.08732057416267938,0.07363636363636375,0.05152545805718783,11,False,0.6987951807228916,0.1927710843373494,50,60,0,0,1,1,20,20,54,112,-1,28,628,-1,0.0640607808667501,6,13,159,361,939,0.22862055249753005,0.07228915662650602,0.4578313253012048,20,0.8
EX_SET2_E(3)_20260323_204358,0.7947368421052632,49,0.7847368421052632,0.7428229665071769,0.6473684210526316,0.8052631578947368,0.1473684210526316,0.1473684210526316,0.13736842105263158,56,0.053110047846889975,0.053110047846889975,0.0451196172248804,0.04968168633600942,11,False,0.6987951807228916,0.24096385542168675,50,60,0,0,0,0,20,29,41,102,132,44,402,-1,0.06723507447099349,8,21,134,333,939,0.22519470854664667,0.04819277108433735,0.5662650602409639,20,0.8
EX_SET2_E(4)_20260323_212924,0.8026315789473685,49,0.7926315789473685,0.7619617224880382,0.7,0.8105263157894737,0.10263157894736852,0.10263157894736852,0.09263157894736851,57,0.04138755980861248,0.04138755980861248,0.0333971291866029,0.037795257517423554,11,False,0.5903614457831325,0.1927710843373494,50,60,0,0,0,1,20,20,23,26,632,34,343,-1,0.06104918231250502,4,11,96,253,939,0.2150711472086429,0.024096385542168676,0.5180722891566265,20,0.8
EX_SET2_E(5)_20260323_221454,0.8052631578947368,49,0.7973684210526316,0.715311004784689,0.6368421052631579,0.7921052631578948,0.16842105263157892,0.16842105263157892,0.16052631578947374,59,0.0899521531100478,0.0899521531100478,0.08205741626794262,0.056695940019604776,11,False,0.7349397590361446,0.18072289156626506,50,60,0,0,1,1,20,20,46,57,-1,37,380,-1,0.060647725854606566,7,12,123,296,939,0.22238474665434904,0.024096385542168676,0.4578313253012048,20,0.8
EX_SET2_F(1)_20260325_082420,0.7578947368421053,49,0.7889473684210526,0.7301435406698565,0.6710526315789473,0.8078947368421052,0.08684210526315794,0.08684210526315794,0.11789473684210527,58,0.0356459330143541,0.0356459330143541,0.060813397129186604,0.04399325742161625,11,False,0.6867469879518072,0.30120481927710846,50,60,0,0,0,12,20,20,20,71,-1,35,295,902,0.05867010717218472,6,16,120,367,939,0.23164863928557683,0.060240963855421686,0.4939759036144578,20,0.8
EX_SET2_F(2)_20260325_091829,0.7763157894736842,49,0.7810526315789474,0.7086124401913876,0.6552631578947369,0.7736842105263158,0.1210526315789473,0.1210526315789473,0.12578947368421056,59,0.06770334928229661,0.06770334928229661,0.07244019138755987,0.03544514917233251,11,False,0.7590361445783133,0.12048192771084337,50,60,0,0,0,0,20,20,34,140,-1,43,394,820,0.059452147074778625,10,18,105,300,939,0.2235138637617563,0.04819277108433735,0.5421686746987951,20,0.8
EX_SET2_F(3)_20260325_100425,0.8052631578947368,49,0.8010526315789473,0.6911483253588516,0.6052631578947368,0.7763157894736842,0.19999999999999996,0.19999999999999996,0.1957894736842105,50,0.11411483253588511,0.11411483253588511,0.10990430622009567,0.057945823480441555,11,False,0.8072289156626506,0.25301204819277107,50,60,0,0,0,0,20,20,20,22,129,20,166,874,0.05640539581231345,7,13,83,269,939,0.21581533802943403,0.04819277108433735,0.46987951807228917,20,0.8
EX_SET2_F(4)_20260325_105851,0.7710526315789473,49,0.7863157894736842,0.6935406698564593,0.5947368421052631,0.8,0.1763157894736842,0.1763157894736842,0.19157894736842107,55,0.08229665071770333,0.08229665071770333,0.0943062200956938,0.07228333405962346,11,False,0.8795180722891566,0.2289156626506024,50,60,0,0,11,11,20,20,20,23,-1,20,508,804,0.06531211427428534,8,18,142,308,939,0.2248611057649127,0.060240963855421686,0.46987951807228917,20,0.8
EX_SET2_F(5)_20260325_115646,0.7263157894736842,49,0.7736842105263158,0.710287081339713,0.6157894736842106,0.7973684210526316,0.1105263157894737,0.1105263157894737,0.1578947368421052,59,0.028947368421052652,0.028947368421052652,0.06555023923444972,0.05119695478541594,11,False,0.8072289156626506,0.21686746987951808,50,60,0,1,1,1,20,20,20,96,-1,54,365,-1,0.06385321099269138,8,17,113,291,939,0.21960044651449248,0.0,0.7469879518072289,20,0.8
EX_SET2_G(1)_20260325_125410,0.7263157894736842,49,0.7736842105263158,0.6971291866028708,0.5684210526315789,0.781578947368421,0.1578947368421053,0.1578947368421053,0.20526315789473681,54,0.04569377990430624,0.04569377990430624,0.07799043062200954,0.07213075371035207,11,False,0.9156626506024096,0.3132530120481928,50,60,0,0,1,11,20,20,33,156,-1,82,365,-1,0.06490823621742639,10,15,143,327,939,0.2272219869894915,0.07228915662650602,0.5301204819277109,20,0.8
EX_SET2_G(2)_20260325_134807,0.7868421052631579,49,0.7894736842105263,0.7028708133971292,0.6631578947368421,0.7552631578947369,0.12368421052631584,0.12368421052631584,0.12631578947368427,55,0.08397129186602871,0.08397129186602871,0.08660287081339714,0.02582313982634685,11,False,0.7590361445783133,0.1686746987951807,50,60,0,0,0,0,20,20,20,85,577,42,228,-1,0.064429127995219,10,16,101,248,939,0.2079500109062448,0.024096385542168676,0.5783132530120482,20,0.8
EX_SET2_G(3)_20260325_144137,0.7421052631578947,49,0.7642105263157893,0.69688995215311,0.6210526315789474,0.7526315789473684,0.1210526315789473,0.1210526315789473,0.14315789473684193,56,0.046172248803827726,0.046172248803827726,0.06732057416267928,0.04236463176611975,11,False,0.7831325301204819,0.25301204819277107,50,60,0,0,0,0,20,20,34,74,76,28,472,-1,0.06253033502048379,9,18,122,352,939,0.22740161925657904,0.03614457831325301,0.5180722891566265,20,0.8
EX_SET2_G(4)_20260325_153120,0.7973684210526316,49,0.7721052631578947,0.6961722488038279,0.5868421052631579,0.7921052631578948,0.21052631578947367,0.21052631578947367,0.1852631578947368,58,0.10119617224880387,0.10119617224880387,0.07775119617224881,0.05863596832718877,11,False,0.9156626506024096,0.1927710843373494,50,60,0,0,0,0,20,20,20,100,-1,20,316,883,0.0673304921270202,12,24,130,281,939,0.21917702759921479,0.03614457831325301,0.5180722891566265,20,0.8
EX_SET2_G(5)_20260325_162545,0.7868421052631579,49,0.7915789473684209,0.6949760765550239,0.6131578947368421,0.7710526315789473,0.17368421052631577,0.17368421052631577,0.1784210526315788,54,0.09186602870813397,0.09186602870813397,0.09660287081339702,0.048900013106266134,11,False,0.8554216867469879,0.1686746987951807,50,60,1,1,1,1,20,20,20,61,-1,47,419,-1,0.061411096284037334,9,16,135,351,939,0.22728614137059422,0.060240963855421686,0.46987951807228917,20,0.8
EX_SET2_H(1)_20260325_171759,0.7421052631578947,49,0.7794736842105262,0.6736842105263158,0.5894736842105263,0.7894736842105263,0.15263157894736845,0.15263157894736845,0.18999999999999995,58,0.07416267942583732,0.07416267942583732,0.10669856459330135,0.06330027810172902,11,False,0.891566265060241,0.21686746987951808,50,60,0,0,0,0,20,20,20,64,-1,26,499,761,0.06250618472533619,9,16,172,389,939,0.23612661508654428,0.024096385542168676,0.4578313253012048,20,0.8
EX_SET2_H(2)_20260325_181047,0.8,49,0.8210526315789473,0.7452153110047847,0.6763157894736842,0.8368421052631579,0.12368421052631584,0.12368421052631584,0.14473684210526305,57,0.05861244019138759,0.05861244019138759,0.07727272727272717,0.05204699269411863,11,False,0.6626506024096386,0.18072289156626506,50,60,0,0,0,0,20,20,47,49,534,77,404,746,0.06214236428119562,7,17,94,201,939,0.20874552523191808,0.060240963855421686,0.5060240963855421,20,0.8
EX_SET2_H(3)_20260325_191054,0.6684210526315789,49,0.7705263157894737,0.6944976076555023,0.6289473684210526,0.7842105263157895,0.03947368421052633,0.03947368421052633,0.14157894736842114,56,0.010287081339712921,0.010287081339712921,0.07732057416267947,0.05453726959490906,11,True,0.7710843373493976,0.14457831325301204,50,60,0,0,0,13,20,20,60,88,-1,34,301,477,0.059344218754395044,8,16,151,352,939,0.23402235138637617,0.07228915662650602,0.4819277108433735,20,0.8
EX_SET2_H(4)_20260325_200701,0.8157894736842105,49,0.8173684210526316,0.7143540669856459,0.6263157894736842,0.8131578947368421,0.18947368421052635,0.18947368421052635,0.19105263157894747,50,0.10143540669856459,0.10143540669856459,0.10301435406698571,0.05512970900438423,11,False,0.7831325301204819,0.3373493975903614,50,60,1,1,1,1,20,20,20,330,-1,20,506,-1,0.06379243524096463,9,14,124,299,939,0.22004952718221127,0.024096385542168676,0.5662650602409639,20,0.8
EX_SET2_H(5)_20260325_210112,0.7052631578947368,49,0.7742105263157895,0.6681818181818181,0.5842105263157895,0.7868421052631579,0.1210526315789473,0.1210526315789473,0.18999999999999995,55,0.05358851674641147,0.05358851674641147,0.10717703349282295,0.07118364670906731,11,False,0.891566265060241,0.2289156626506024,50,60,0,0,0,0,20,20,20,20,397,46,520,714,0.062079364695195635,9,12,90,245,939,0.20879684873680024,0.04819277108433735,0.5060240963855421,20,0.8
EX_SET2_Z(1)_20260325_041050,0.7763157894736842,49,0.7863157894736842,0.7416267942583731,0.6605263157894737,0.7921052631578948,0.11578947368421044,0.11578947368421044,0.12578947368421045,59,0.037559808612440154,0.037559808612440154,0.04574162679425835,0.039680479054955,11,False,0.7228915662650602,0.20481927710843373,50,60,0,0,0,0,20,20,26,71,-1,44,356,886,0.061600426055825726,5,19,137,328,939,0.22983948573848112,0.0963855421686747,0.5301204819277109,20,0.8
EX_SET2_Z(2)_20260325_050102,0.7947368421052632,49,0.7868421052631579,0.7526315789473682,0.6710526315789473,0.8052631578947368,0.12368421052631584,0.12368421052631584,0.11578947368421055,52,0.04401913875598089,0.04401913875598089,0.0389952153110048,0.04390874445181939,11,False,0.6506024096385542,0.2891566265060241,50,60,0,0,0,0,20,20,20,20,20,61,366,-1,0.07120574033516235,4,29,162,353,939,0.22923643455611584,0.060240963855421686,0.4819277108433735,20,0.8
EX_SET2_Z(3)_20260325_055338,0.7421052631578947,49,0.7842105263157895,0.7239234449760766,0.6289473684210526,0.8026315789473685,0.11315789473684212,0.11315789473684212,0.15526315789473688,54,0.037799043062200936,0.037799043062200936,0.06459330143540669,0.06392575490769555,11,False,0.7349397590361446,0.2891566265060241,50,60,0,0,0,0,20,30,40,113,-1,50,343,712,0.06497080117050778,8,18,142,318,939,0.22823562621091398,0.012048192771084338,0.5903614457831325,20,0.8
EX_SET2_Z(4)_20260325_064414,0.7973684210526316,49,0.7999999999999999,0.7349282296650718,0.6236842105263158,0.8131578947368421,0.17368421052631577,0.17368421052631577,0.1763157894736841,52,0.06387559808612443,0.06387559808612443,0.06626794258373199,0.053455276943346765,11,False,0.7349397590361446,0.1686746987951807,50,60,0,0,0,10,20,20,23,39,40,25,380,566,0.06101485174744101,4,17,77,247,939,0.20982331883444322,0.012048192771084338,0.4578313253012048,20,0.8
EX_SET2_Z(5)_20260325_073420,0.7842105263157895,49,0.7947368421052631,0.7442583732057417,0.6552631578947369,0.8052631578947368,0.1289473684210526,0.1289473684210526,0.1394736842105262,57,0.043301435406698556,0.043301435406698556,0.05191387559808605,0.048004763467156535,11,False,0.6987951807228916,0.1927710843373494,50,60,0,0,0,0,20,20,20,20,32,20,69,383,0.05613876250639645,5,12,69,204,939,0.20650012189332412,0.024096385542168676,0.5060240963855421,20,0.8
EX_SET3_E(1)_20260326_031408,0.781578947368421,49,0.7878947368421053,0.7939728353140917,0.6868421052631579,0.8263157894736842,0.09473684210526312,0.09473684210526312,0.1010526315789474,78,0.005772495755517827,0.005772495755517827,0.007436332767402395,0.027010082830477917,31,False,0.5903614457831325,0.1927710843373494,50,80,0,0,0,3,20,20,71,73,-1,23,529,574,0.06818440731999184,2,14,147,326,919,0.22534971223304534,0.012048192771084338,0.5301204819277109,20,0.8
EX_SET3_E(2)_20260326_040904,0.6842105263157895,49,0.7415789473684211,0.7958404074702886,0.7526315789473684,0.8315789473684211,0.0,0.0,0.0,64,0.0,0.0,0.0,0.019830470244416174,31,True,0.4457831325301205,0.20481927710843373,50,80,0,1,2,2,20,20,63,157,432,20,536,-1,0.07596649067405942,0,19,157,314,919,0.21660526764293303,0.04819277108433735,0.4578313253012048,20,0.8
EX_SET3_E(3)_20260326_050300,0.7578947368421053,49,0.7863157894736843,0.7861629881154499,0.7131578947368421,0.8105263157894737,0.044736842105263186,0.044736842105263186,0.0731578947368422,67,0.0022920203735144347,0.0022920203735144347,0.0073514431239389225,0.02113981664101285,31,True,0.46987951807228917,0.25301204819277107,50,80,0,0,0,2,20,20,115,142,661,51,245,-1,0.07423787401303635,3,23,161,318,919,0.2228850112091456,0.04819277108433735,0.5662650602409639,20,0.8
EX_SET3_E(4)_20260326_055606,0.8052631578947368,49,0.7910526315789472,0.7782682512733446,0.7078947368421052,0.8184210526315789,0.09736842105263155,0.09736842105263155,0.08315789473684199,54,0.0282682512733446,0.0282682512733446,0.01952461799660435,0.03330077640403432,31,False,0.5301204819277109,0.30120481927710846,50,80,1,1,1,2,20,20,36,261,-1,44,732,-1,0.07466234584653388,6,22,171,349,919,0.22833881773011525,0.03614457831325301,0.5301204819277109,20,0.8
EX_SET3_E(5)_20260326_064926,0.8157894736842105,49,0.8021052631578949,0.7823429541595924,0.6763157894736842,0.8210526315789474,0.1394736842105263,0.1394736842105263,0.12578947368421067,61,0.03361629881154498,0.03361629881154498,0.02120543293718178,0.02596426221673585,31,False,0.4457831325301205,0.3373493975903614,50,80,0,0,0,0,20,20,29,36,847,29,517,-1,0.0657585906707428,1,14,142,326,919,0.22595277737719102,0.012048192771084338,0.6024096385542169,20,0.8
EX_SET3_F(1)_20260326_074219,0.8026315789473685,49,0.7578947368421053,0.7949915110356538,0.7210526315789474,0.8263157894736842,0.08157894736842108,0.08157894736842108,0.0368421052631579,52,0.012139219015280159,0.012139219015280159,0.0022071307300509336,0.023658415179858634,31,False,0.4819277108433735,0.26506024096385544,50,80,0,0,3,11,20,20,20,101,-1,47,291,-1,0.06995386879820646,2,16,144,309,919,0.2244188942931683,0.060240963855421686,0.5662650602409639,20,0.8
EX_SET3_F(2)_20260326_083520,0.8,49,0.7863157894736842,0.7880305602716471,0.7157894736842105,0.8236842105263158,0.08421052631578951,0.08421052631578951,0.07052631578947366,55,0.015365025466893062,0.015365025466893062,0.008658743633276735,0.023789616418581076,31,False,0.4939759036144578,0.25301204819277107,50,80,0,0,2,8,20,20,40,69,827,20,360,-1,0.06488405337110187,1,15,128,283,919,0.21964681358731988,0.060240963855421686,0.5903614457831325,20,0.8
EX_SET3_F(3)_20260326_093248,0.718421052631579,49,0.78,0.79490662139219,0.6421052631578947,0.8289473684210527,0.07631578947368423,0.07631578947368423,0.1378947368421053,51,0.0024617996604414266,0.0024617996604414266,0.004974533106960958,0.0315126166226157,31,False,0.7108433734939759,0.18072289156626506,50,80,0,0,0,0,20,33,81,114,-1,74,288,-1,0.07339248093886351,1,21,155,316,919,0.22304233255109665,0.04819277108433735,0.4939759036144578,20,0.8
EX_SET3_F(4)_20260326_104218,0.7973684210526316,49,0.7810526315789474,0.7845500848896436,0.6631578947368421,0.8131578947368421,0.13421052631578956,0.13421052631578956,0.11789473684210539,51,0.015789473684210548,0.015789473684210548,0.009881154499151128,0.031918799442352506,31,False,0.6746987951807228,0.21686746987951808,50,80,0,0,2,2,20,20,20,91,377,20,207,-1,0.06510794099848559,1,20,133,287,919,0.2201843281723193,0.012048192771084338,0.4457831325301205,20,0.8
EX_SET3_F(5)_20260326_122434,0.7578947368421053,49,0.7663157894736842,0.7879456706281832,0.7447368421052631,0.8263157894736842,0.013157894736842146,0.013157894736842146,0.02157894736842103,77,0.00042444821731748856,0.00042444821731748856,0.000984719864176565,0.017884080851377552,31,True,0.4457831325301205,0.2289156626506024,50,80,0,0,2,2,20,20,20,46,-1,22,359,359,0.0652543012251613,0,17,132,328,919,0.22681804475792178,0.04819277108433735,0.4939759036144578,20,0.8
EX_SET3_G(1)_20260326_141351,0.6736842105263158,49,0.7478947368421053,0.7873514431239388,0.6921052631578948,0.8236842105263158,0.0,0.0,0.0557894736842105,75,0.0,0.0,0.0023259762308998283,0.02728410895549365,31,True,0.5903614457831325,0.13253012048192772,50,80,0,0,3,6,20,20,36,145,-1,20,333,564,0.06385792957521788,1,17,124,288,919,0.22249170785426797,0.03614457831325301,0.4939759036144578,20,0.8
EX_SET3_G(2)_20260326_161013,0.7763157894736842,49,0.7736842105263158,0.7795415959252971,0.7078947368421052,0.8236842105263158,0.06842105263157894,0.06842105263157894,0.06578947368421051,50,0.012988115449915096,0.012988115449915096,0.011884550084889627,0.03455100260333066,31,False,0.5542168674698795,0.2289156626506024,50,80,1,1,2,2,20,20,20,99,698,20,416,-1,0.06785246001896329,6,29,126,285,919,0.22274079997902382,0.03614457831325301,0.5301204819277109,20,0.8
EX_SET3_G(3)_20260326_180907,0.8131578947368421,49,0.788421052631579,0.777164685908319,0.6842105263157895,0.8289473684210527,0.1289473684210526,0.1289473684210526,0.10421052631578953,66,0.037181663837011866,0.037181663837011866,0.018624787775891393,0.036123231531981034,31,False,0.6024096385542169,0.1686746987951807,50,80,0,0,1,1,20,20,20,232,409,45,395,-1,0.07420094212305654,4,24,132,269,919,0.21050906564232993,0.03614457831325301,0.5060240963855421,20,0.8
EX_SET3_G(4)_20260326_193224,0.8263157894736842,49,0.7842105263157895,0.7808149405772494,0.718421052631579,0.8236842105263158,0.10789473684210527,0.10789473684210527,0.06578947368421051,54,0.04550084889643465,0.04550084889643465,0.015619694397283534,0.03337158618827776,31,False,0.5180722891566265,0.27710843373493976,50,80,0,0,0,0,20,23,70,149,223,73,419,660,0.07214178751276519,3,31,142,299,919,0.22260969886073131,0.024096385542168676,0.5301204819277109,20,0.8
EX_SET3_G(5)_20260326_214823,0.7684210526315789,49,0.7978947368421053,0.7871816638370118,0.7236842105263158,0.8184210526315789,0.044736842105263075,0.044736842105263075,0.0742105263157895,57,0.004074702886247872,0.004074702886247872,0.014617996604414304,0.023769261863788284,31,True,0.4939759036144578,0.1566265060240964,50,80,0,0,0,0,20,20,41,174,516,41,339,-1,0.06775281693845282,2,20,116,235,919,0.2125149127522058,0.060240963855421686,0.5301204819277109,20,0.8
EX_SET3_H(1)_20260327_000237,0.8105263157894737,49,0.771578947368421,0.7938030560271648,0.7236842105263158,0.8315789473684211,0.08684210526315783,0.08684210526315783,0.04789473684210521,60,0.019100169779286885,0.019100169779286885,0.002988115449915099,0.02373822677620757,31,False,0.5060240963855421,0.3132530120481928,50,80,0,0,0,0,20,20,20,20,-1,20,330,-1,0.06341095062356467,2,12,126,274,919,0.2173394339053712,0.04819277108433735,0.5180722891566265,20,0.8
EX_SET3_H(2)_20260327_022007,0.7763157894736842,49,0.7363157894736843,0.7877758913412565,0.6578947368421053,0.8289473684210527,0.11842105263157887,0.11842105263157887,0.07842105263157895,64,0.009592529711375206,0.009592529711375206,0.002767402376910017,0.036270938405361504,31,False,0.46987951807228917,0.27710843373493976,50,80,0,0,0,0,20,20,57,105,302,60,293,-1,0.06637103881514328,1,19,104,199,919,0.20526502091062837,0.060240963855421686,0.5662650602409639,20,0.8
EX_SET3_H(3)_20260327_043752,0.8,49,0.7989473684210526,0.7837011884550085,0.6973684210526315,0.8210526315789474,0.10263157894736852,0.10263157894736852,0.1015789473684211,66,0.018675721561969463,0.018675721561969463,0.01799660441426145,0.030752484565366098,31,False,0.5783132530120482,0.2289156626506024,50,80,0,0,1,1,20,20,51,77,661,27,371,844,0.07261114230616149,5,24,133,237,919,0.21060083642513472,0.0,0.5301204819277109,20,0.8
EX_SET3_H(4)_20260327_065245,0.7289473684210527,49,0.7757894736842105,0.7750424448217317,0.6842105263157895,0.8210526315789474,0.044736842105263186,0.044736842105263186,0.09157894736842098,77,0.0015280135823429553,0.0015280135823429553,0.010526315789473656,0.027674327564725244,31,True,0.6024096385542169,0.20481927710843373,50,80,0,0,0,0,20,20,20,242,867,59,711,729,0.07243876712317096,1,23,157,320,919,0.22224261572951218,0.024096385542168676,0.4939759036144578,20,0.8
EX_SET3_H(5)_20260327_090804,0.8026315789473685,49,0.7852631578947369,0.7882003395585739,0.6684210526315789,0.8210526315789474,0.13421052631578956,0.13421052631578956,0.11684210526315797,73,0.01808149405772499,0.01808149405772499,0.009541595925297137,0.030755874362823142,31,False,0.4819277108433735,0.27710843373493976,50,80,0,0,0,0,20,20,20,103,211,36,189,-1,0.06871473988650392,0,22,153,335,919,0.230030022156089,0.04819277108433735,0.4578313253012048,20,0.8
EX_SET3_Z(1)_20260325_224649,0.7763157894736842,49,0.7842105263157894,0.7897283531409167,0.65,0.8368421052631579,0.12631578947368416,0.12631578947368416,0.13421052631578934,80,0.006196943972835312,0.006196943972835312,0.008573853989813212,0.03335194428770134,31,False,0.4457831325301205,0.18072289156626506,50,80,0,0,0,0,20,20,29,115,506,20,213,-1,0.06406665513066859,1,9,93,244,919,0.20915872412391678,0.060240963855421686,0.5180722891566265,20,0.8
EX_SET3_Z(2)_20260325_234032,0.7578947368421053,49,0.7547368421052632,0.7886247877758914,0.7526315789473684,0.8263157894736842,0.0052631578947368585,0.0052631578947368585,0.002105263157894721,53,0.0005093378607809863,0.0005093378607809863,0.00013582342954159492,0.02312584601306586,31,True,0.4578313253012048,0.25301204819277107,50,80,0,1,4,4,20,20,20,20,-1,20,466,-1,0.07415301998650006,0,29,195,380,919,0.2337008534682801,0.03614457831325301,0.4819277108433735,20,0.8
EX_SET3_Z(3)_20260326_003347,0.8052631578947368,49,0.786842105263158,0.7848047538200339,0.6736842105263158,0.8263157894736842,0.13157894736842102,0.13157894736842102,0.11315789473684223,53,0.02368421052631576,0.02368421052631576,0.01426146010186763,0.03515372964494437,31,False,0.6385542168674698,0.27710843373493976,50,80,0,2,6,7,20,20,45,174,-1,42,357,-1,0.0728375915525184,3,31,195,421,919,0.23963973412693212,0.0,0.5301204819277109,20,0.8
EX_SET3_Z(4)_20260326_012705,0.7842105263157895,49,0.8042105263157895,0.7826825127334466,0.718421052631579,0.8236842105263158,0.06578947368421051,0.06578947368421051,0.08578947368421053,78,0.011290322580645157,0.011290322580645157,0.023191850594227504,0.025755206320426743,31,False,0.5180722891566265,0.27710843373493976,50,80,0,0,0,0,20,20,57,90,-1,75,219,-1,0.06596537990379155,1,16,132,329,919,0.22393382015548594,0.024096385542168676,0.4819277108433735,20,0.8
EX_SET3_Z(5)_20260326_022030,0.6921052631578948,49,0.7773684210526317,0.785144312393888,0.6947368421052632,0.8342105263157895,0.0,0.0,0.0826315789473685,56,0.0,0.0,0.009100169779286956,0.031126498429422014,31,True,0.6144578313253012,0.21686746987951808,50,80,0,0,0,0,20,20,22,152,-1,80,586,-1,0.07171484021134746,5,26,224,414,919,0.24011169815278527,0.060240963855421686,0.5662650602409639,20,0.8
EX_SET4_E(1)_20260328_152008,0.7657894736842106,49,0.7752631578947369,0.7583732057416267,0.7052631578947368,0.7973684210526316,0.06052631578947376,0.06052631578947376,0.07000000000000006,54,0.017703349282296676,0.017703349282296676,0.023014354066985668,0.03386092997387319,11,False,0.5903614457831325,0.26506024096385544,50,60,0,0,0,0,20,20,25,131,-1,70,177,-1,0.07022051478410898,4,22,181,368,939,0.23399668963393508,0.04819277108433735,0.4939759036144578,20,0.8
EX_SET4_E(2)_20260328_161340,0.8210526315789474,49,0.7878947368421053,0.7511961722488039,0.6605263157894737,0.8315789473684211,0.16052631578947363,0.16052631578947363,0.12736842105263158,56,0.07081339712918659,0.07081339712918659,0.04406698564593304,0.05676363536343163,11,False,0.7228915662650602,0.10843373493975904,50,60,0,0,0,0,20,20,40,125,169,27,270,-1,0.07134340787335627,6,23,121,216,939,0.2051528798901677,0.04819277108433735,0.5783132530120482,20,0.8
EX_SET4_E(3)_20260328_170658,0.7842105263157895,49,0.77,0.7700956937799043,0.7078947368421052,0.8026315789473685,0.07631578947368423,0.07631578947368423,0.062105263157894774,54,0.01866028708133972,0.01866028708133972,0.012535885167464128,0.032149941459274904,11,False,0.5662650602409639,0.21686746987951808,50,60,0,0,0,0,20,20,25,26,247,106,689,849,0.07918964006904021,6,25,128,252,939,0.20887383399412346,0.03614457831325301,0.5301204819277109,20,0.8
EX_SET4_E(4)_20260328_180058,0.8131578947368421,49,0.8021052631578949,0.7488038277511961,0.7078947368421052,0.8105263157894737,0.10526315789473684,0.10526315789473684,0.09421052631578963,57,0.06435406698564593,0.06435406698564593,0.05406698564593315,0.03193578295878514,11,False,0.6024096385542169,0.1686746987951807,50,60,0,0,0,0,20,20,28,57,640,46,669,-1,0.07397872878572122,6,25,135,293,939,0.21277442036516675,0.03614457831325301,0.4939759036144578,20,0.8
EX_SET4_E(5)_20260328_185421,0.7763157894736842,49,0.7910526315789473,0.7495215311004785,0.6842105263157895,0.8210526315789474,0.09210526315789469,0.09210526315789469,0.10684210526315785,59,0.03349282296650715,0.03349282296650715,0.04531100478468897,0.04185481736419691,11,False,0.6746987951807228,0.21686746987951808,50,60,0,6,6,6,20,25,26,110,591,137,365,-1,0.07556706179360956,9,28,117,232,939,0.20791151827758317,0.024096385542168676,0.5662650602409639,20,0.8
EX_SET4_F(1)_20260328_194724,0.7947368421052632,49,0.7936842105263158,0.758133971291866,0.7157894736842105,0.7921052631578948,0.07894736842105265,0.07894736842105265,0.07789473684210524,52,0.036602870813397144,0.036602870813397144,0.03555023923444973,0.031102870721390948,11,False,0.5421686746987951,0.20481927710843373,50,60,0,0,4,13,20,20,65,92,-1,60,298,-1,0.0685299969724314,5,22,138,333,939,0.22629816390161284,0.024096385542168676,0.5421686746987951,20,0.8
EX_SET4_F(2)_20260328_204017,0.8157894736842105,49,0.7794736842105262,0.7397129186602869,0.618421052631579,0.8026315789473685,0.19736842105263153,0.19736842105263153,0.16105263157894723,57,0.07607655502392341,0.07607655502392341,0.04650717703349275,0.0645510228462033,11,False,0.8313253012048193,0.21686746987951808,50,60,0,0,0,11,20,20,24,70,-1,95,463,-1,0.07470018228125853,6,30,166,355,939,0.2280816556962675,0.024096385542168676,0.5662650602409639,20,0.8
EX_SET4_F(3)_20260328_213330,0.7657894736842106,49,0.8026315789473685,0.7516746411483252,0.5973684210526315,0.8184210526315789,0.16842105263157903,0.16842105263157903,0.20526315789473693,53,0.030143540669856483,0.030143540669856483,0.0523923444976077,0.0635434800785143,11,False,0.8795180722891566,0.2289156626506024,50,60,0,0,6,6,20,20,21,123,358,21,381,-1,0.07641093711514363,5,27,132,253,939,0.20927159115696012,0.024096385542168676,0.5301204819277109,20,0.8
EX_SET4_F(4)_20260328_222806,0.6868421052631579,49,0.7852631578947369,0.7504784688995215,0.5947368421052631,0.8105263157894737,0.0921052631578948,0.0921052631578948,0.19052631578947377,58,0.0083732057416268,0.0083732057416268,0.04086124401913878,0.06058141864521443,11,False,0.8192771084337349,0.3493975903614458,50,60,0,0,0,0,20,20,20,58,651,92,380,-1,0.06978182651816543,5,23,136,304,939,0.2222051143872615,0.012048192771084338,0.5180722891566265,20,0.8
EX_SET4_F(5)_20260328_232345,0.7868421052631579,49,0.8031578947368422,0.731578947368421,0.6131578947368421,0.7921052631578948,0.17368421052631577,0.17368421052631577,0.19000000000000006,55,0.05598086124401915,0.05598086124401915,0.07157894736842113,0.05904362441862402,11,False,0.8313253012048193,0.20481927710843373,50,60,0,0,11,11,20,20,55,116,-1,50,470,-1,0.07219335349059659,8,33,182,353,939,0.23515146849378343,0.012048192771084338,0.5060240963855421,20,0.8
EX_SET4_G(1)_20260329_002037,0.7473684210526316,49,0.7884210526315789,0.7337320574162679,0.5894736842105263,0.7973684210526316,0.1578947368421053,0.1578947368421053,0.19894736842105265,58,0.02822966507177033,0.02822966507177033,0.05550239234449759,0.05946225066877153,11,False,0.8795180722891566,0.2289156626506024,50,60,0,0,1,1,20,20,20,659,-1,35,445,-1,0.06698362586888326,6,21,197,419,939,0.2415027522229493,0.04819277108433735,0.4819277108433735,20,0.8
EX_SET4_G(2)_20260329_011903,0.7947368421052632,49,0.7815789473684209,0.7406698564593301,0.5763157894736842,0.8131578947368421,0.21842105263157896,0.21842105263157896,0.2052631578947367,59,0.05693779904306222,0.05693779904306222,0.048086124401913795,0.07268460722826722,11,False,0.9156626506024096,0.13253012048192772,50,60,0,0,0,0,20,20,36,42,379,44,161,771,0.07010767284292194,6,28,106,206,939,0.20367732912480593,0.024096385542168676,0.5421686746987951,20,0.8
EX_SET4_G(3)_20260329_021622,0.718421052631579,49,0.771578947368421,0.7282296650717703,0.618421052631579,0.8,0.09999999999999998,0.09999999999999998,0.15315789473684205,59,0.015311004784689003,0.015311004784689003,0.04660287081339711,0.05224981158219827,11,False,0.8072289156626506,0.30120481927710846,50,60,0,2,13,13,20,22,101,115,-1,65,459,-1,0.07304476405111796,8,37,208,449,939,0.24419723622926212,0.03614457831325301,0.5060240963855421,20,0.8
EX_SET4_G(4)_20260329_031335,0.7736842105263158,49,0.8094736842105263,0.7552631578947367,0.6263157894736842,0.8184210526315789,0.1473684210526316,0.1473684210526316,0.1831578947368422,59,0.03014354066985643,0.03014354066985643,0.05502392344497609,0.057798963845441455,11,False,0.7831325301204819,0.12048192771084337,50,60,0,0,7,12,20,20,23,23,-1,74,363,-1,0.07087203675282797,5,26,138,302,939,0.2217047102146606,0.04819277108433735,0.5421686746987951,20,0.8
EX_SET4_G(5)_20260329_041049,0.7894736842105263,49,0.7905263157894737,0.7464114832535885,0.6921052631578948,0.8052631578947368,0.09736842105263155,0.09736842105263155,0.09842105263157896,59,0.04449760765550241,0.04449760765550241,0.04545454545454552,0.03608762664372139,11,False,0.6626506024096386,0.24096385542168675,50,60,0,0,0,0,20,20,20,56,-1,53,261,-1,0.0719081958047075,5,24,201,420,939,0.23755084234702387,0.024096385542168676,0.4578313253012048,20,0.8
EX_SET4_H(1)_20260329_124542,0.7447368421052631,49,0.783157894736842,0.7382775119617225,0.6605263157894737,0.7973684210526316,0.0842105263157894,0.0842105263157894,0.12263157894736831,59,0.022248803827751185,0.022248803827751185,0.04626794258373199,0.04612946427380077,11,False,0.7951807228915663,0.24096385542168675,50,60,0,0,0,11,20,20,93,153,-1,20,314,-1,0.07569394009526799,8,39,196,380,939,0.23770481286167033,0.07228915662650602,0.5662650602409639,20,0.8
EX_SET4_H(2)_20260329_134038,0.8289473684210527,49,0.7994736842105263,0.7210526315789475,0.6342105263157894,0.8157894736842105,0.1947368421052632,0.1947368421052632,0.1652631578947369,55,0.10789473684210528,0.10789473684210528,0.07990430622009571,0.057160414793724,11,False,0.7469879518072289,0.18072289156626506,50,60,0,0,0,0,20,20,27,178,182,49,244,-1,0.06973286003224394,9,22,98,210,939,0.20022582342148146,0.03614457831325301,0.5542168674698795,20,0.8
EX_SET4_H(3)_20260329_143625,0.7973684210526316,49,0.77,0.7648325358851675,0.6131578947368421,0.8105263157894737,0.1842105263157895,0.1842105263157895,0.1568421052631579,57,0.0356459330143541,0.0356459330143541,0.02220095693779905,0.05878823359282872,11,False,0.8554216867469879,0.1927710843373494,50,60,0,0,3,10,20,20,42,124,-1,45,537,-1,0.07119491217166102,5,17,158,340,939,0.22650345792114143,0.04819277108433735,0.5421686746987951,20,0.8
EX_SET4_H(4)_20260329_153122,0.7842105263157895,49,0.7863157894736842,0.7000000000000001,0.5763157894736842,0.8078947368421052,0.20789473684210524,0.20789473684210524,0.20999999999999996,59,0.08779904306220095,0.08779904306220095,0.08933014354066983,0.08713666153768755,11,False,0.9156626506024096,0.2289156626506024,50,60,0,0,0,0,20,20,21,84,259,130,407,-1,0.07366853140985508,10,27,134,263,939,0.21445526515005708,0.012048192771084338,0.6024096385542169,20,0.8
EX_SET4_H(5)_20260329_162637,0.7736842105263158,49,0.7694736842105263,0.7574162679425839,0.6552631578947369,0.8026315789473685,0.11842105263157887,0.11842105263157887,0.11421052631578943,56,0.023684210526315773,0.023684210526315773,0.02167464114832535,0.045303198046173054,11,False,0.6746987951807228,0.1566265060240964,50,60,0,1,4,8,20,20,31,60,504,36,137,-1,0.06122918869201154,3,15,94,207,939,0.2082579519355377,0.060240963855421686,0.46987951807228917,20,0.8
EX_SET4_Z(1)_20260327_112514,0.7684210526315789,49,0.7921052631578946,0.7602870813397128,0.65,0.8078947368421052,0.11842105263157887,0.11842105263157887,0.14210526315789462,52,0.020813397129186565,0.020813397129186565,0.03588516746411476,0.04635546365127689,11,False,0.7349397590361446,0.25301204819277107,50,60,0,0,0,0,20,20,96,382,885,30,252,-1,0.07196819142263342,5,30,155,351,939,0.2299934562531275,0.024096385542168676,0.5542168674698795,20,0.8
EX_SET4_Z(2)_20260327_131621,0.8078947368421052,49,0.7921052631578946,0.7693779904306219,0.7157894736842105,0.8131578947368421,0.09210526315789469,0.09210526315789469,0.07631578947368411,51,0.03923444976076552,0.03923444976076552,0.027511961722487974,0.03306320496470967,11,False,0.5301204819277109,0.2289156626506024,50,60,0,0,0,0,20,20,20,20,723,20,303,-1,0.0654248504798736,2,16,87,231,939,0.20483210798465426,0.024096385542168676,0.46987951807228917,20,0.8
EX_SET4_Z(3)_20260327_151925,0.7947368421052632,49,0.7773684210526316,0.7665071770334927,0.7105263157894737,0.8026315789473685,0.08421052631578951,0.08421052631578951,0.06684210526315792,58,0.028947368421052663,0.028947368421052663,0.01684210526315791,0.0288536979461466,11,False,0.5542168674698795,0.2289156626506024,50,60,0,0,0,0,20,20,65,118,-1,67,409,-1,0.07453599235333824,5,24,181,359,939,0.2289413244030435,0.07228915662650602,0.6506024096385542,20,0.8
EX_SET4_Z(4)_20260327_173254,0.7657894736842106,49,0.7684210526315789,0.7763157894736842,0.7236842105263158,0.8131578947368421,0.04210526315789476,0.04210526315789476,0.044736842105263075,57,0.0064593301435406794,0.0064593301435406794,0.0071770334928229484,0.02605130246476754,11,True,0.5060240963855421,0.25301204819277107,50,60,0,1,6,11,20,20,41,313,607,31,474,-1,0.06961770713849211,5,23,141,356,939,0.23254680062101443,0.012048192771084338,0.5421686746987951,20,0.8
EX_SET4_Z(5)_20260328_142217,0.8026315789473685,49,0.7921052631578948,0.7889952153110048,0.6894736842105263,0.8368421052631579,0.11315789473684212,0.11315789473684212,0.10263157894736841,53,0.02392344497607658,0.02392344497607658,0.019138755980861254,0.04621127834507038,11,False,0.6265060240963856,0.24096385542168675,50,60,0,0,0,0,20,20,22,157,-1,74,320,-1,0.0670485782262344,1,14,196,439,939,0.24125896557475912,0.0,0.4578313253012048,20,0.8
