backdoor_accuracy,triggered_anomaly_total,triggered_anomaly_misclassified,features_found,features_missing,round,attack_active,accuracy_drop
0.3614457831325301,83,30,83,0,0,False,0.0
0.3132530120481928,83,26,83,0,1,False,0.0
0.24096385542168675,83,20,83,0,2,False,0.0
0.3614457831325301,83,30,83,0,3,False,0.0
0.3493975903614458,83,29,83,0,4,False,0.0
0.21686746987951808,83,18,83,0,5,False,0.0
0.3855421686746988,83,32,83,0,6,False,0.0
0.42168674698795183,83,35,83,0,7,False,0.0
0.13253012048192772,83,11,83,0,8,False,0.0
0.18072289156626506,83,15,83,0,9,False,0.0
0.1927710843373494,83,16,83,0,10,False,0.0
0.43373493975903615,83,36,83,0,11,False,0.0
0.2891566265060241,83,24,83,0,12,False,0.0
0.37349397590361444,83,31,83,0,13,False,0.0
0.2891566265060241,83,24,83,0,14,False,0.0
0.27710843373493976,83,23,83,0,15,False,0.0
0.4819277108433735,83,40,83,0,16,False,0.0
0.4819277108433735,83,40,83,0,17,False,0.0
0.2289156626506024,83,19,83,0,18,False,0.0
0.3253012048192771,83,27,83,0,19,False,0.0
0.3132530120481928,83,26,83,0,20,False,0.0
0.3253012048192771,83,27,83,0,21,False,0.0
0.27710843373493976,83,23,83,0,22,False,0.0
0.20481927710843373,83,17,83,0,23,False,0.0
0.30120481927710846,83,25,83,0,24,False,0.0
0.1927710843373494,83,16,83,0,25,False,0.0
0.4457831325301205,83,37,83,0,26,False,0.0
0.2289156626506024,83,19,83,0,27,False,0.0
0.25301204819277107,83,21,83,0,28,False,0.0
0.4457831325301205,83,37,83,0,29,False,0.0
0.40963855421686746,83,34,83,0,30,False,0.0
0.30120481927710846,83,25,83,0,31,False,0.0
0.08433734939759036,83,7,83,0,32,False,0.0
0.1686746987951807,83,14,83,0,33,False,0.0
0.3253012048192771,83,27,83,0,34,False,0.0
0.12048192771084337,83,10,83,0,35,False,0.0
0.27710843373493976,83,23,83,0,36,False,0.0
0.10843373493975904,83,9,83,0,37,False,0.0
0.3132530120481928,83,26,83,0,38,False,0.0
0.27710843373493976,83,23,83,0,39,False,0.0
0.12048192771084337,83,10,83,0,40,False,0.0
0.1686746987951807,83,14,83,0,41,False,0.0
0.4457831325301205,83,37,83,0,42,False,0.0
0.20481927710843373,83,17,83,0,43,False,0.0
0.1686746987951807,83,14,83,0,44,False,0.0
0.1686746987951807,83,14,83,0,45,False,0.0
0.27710843373493976,83,23,83,0,46,False,0.0
0.3132530120481928,83,26,83,0,47,False,0.0
0.4939759036144578,83,41,83,0,48,False,0.0
0.3373493975903614,83,28,83,0,49,False,0.0
0.43373493975903615,83,36,83,0,50,True,0.0368421052631579
0.27710843373493976,83,23,83,0,51,False,-0.0052631578947368585
0.3253012048192771,83,27,83,0,52,False,0.007894736842105177
0.46987951807228917,83,39,83,0,53,True,0.06842105263157894
0.4578313253012048,83,38,83,0,54,False,0.06578947368421051
0.43373493975903615,83,36,83,0,55,False,0.05263157894736836
0.3855421686746988,83,32,83,0,56,True,0.042105263157894646
0.5903614457831325,83,49,83,0,57,False,0.09210526315789469
0.3253012048192771,83,27,83,0,58,False,0.021052631578947323
0.27710843373493976,83,23,83,0,59,True,0.007894736842105177
0.3373493975903614,83,28,83,0,60,False,0.018421052631578894
0.25301204819277107,83,21,83,0,61,False,0.0
0.40963855421686746,83,34,83,0,62,True,0.03157894736842104
0.39759036144578314,83,33,83,0,63,False,0.0368421052631579
0.37349397590361444,83,31,83,0,64,False,0.021052631578947323
0.46987951807228917,83,39,83,0,65,True,0.06842105263157894
0.27710843373493976,83,23,83,0,66,False,0.0052631578947367474
0.25301204819277107,83,21,83,0,67,False,0.002631578947368318
0.26506024096385544,83,22,83,0,68,True,-0.0026315789473684292
0.25301204819277107,83,21,83,0,69,False,-0.0026315789473684292
0.1927710843373494,83,16,83,0,70,False,-0.015789473684210575
0.27710843373493976,83,23,83,0,71,True,0.002631578947368318
0.5301204819277109,83,44,83,0,72,False,0.08157894736842097
0.3373493975903614,83,28,83,0,73,False,0.013157894736842035
0.43373493975903615,83,36,83,0,74,True,0.042105263157894646
0.39759036144578314,83,33,83,0,75,False,0.023684210526315752
0.37349397590361444,83,31,83,0,76,False,0.021052631578947323
0.18072289156626506,83,15,83,0,77,True,0.0052631578947367474
0.1927710843373494,83,16,83,0,78,False,-0.015789473684210575
0.20481927710843373,83,17,83,0,79,False,-0.023684210526315863
0.24096385542168675,83,20,83,0,80,False,0.0052631578947367474
0.1686746987951807,83,14,83,0,81,False,0.002631578947368318
0.21686746987951808,83,18,83,0,82,False,-0.010526315789473717
0.26506024096385544,83,22,83,0,83,False,-0.0052631578947368585
0.20481927710843373,83,17,83,0,84,False,0.013157894736842035
0.3132530120481928,83,26,83,0,85,False,0.002631578947368318
0.0963855421686747,83,8,83,0,86,False,0.021052631578947323
0.1927710843373494,83,16,83,0,87,False,-0.007894736842105288
0.3614457831325301,83,30,83,0,88,False,0.013157894736842035
0.1566265060240964,83,13,83,0,89,False,0.0
0.18072289156626506,83,15,83,0,90,False,0.018421052631578894
0.3132530120481928,83,26,83,0,91,False,0.013157894736842035
0.2289156626506024,83,19,83,0,92,False,0.007894736842105177
0.14457831325301204,83,12,83,0,93,False,0.0052631578947367474
0.3614457831325301,83,30,83,0,94,False,0.039473684210526216
0.1927710843373494,83,16,83,0,95,False,0.018421052631578894
0.060240963855421686,83,5,83,0,96,False,0.09473684210526312
0.27710843373493976,83,23,83,0,97,False,-0.007894736842105288
0.3132530120481928,83,26,83,0,98,False,0.007894736842105177
0.20481927710843373,83,17,83,0,99,False,0.03157894736842104
0.27710843373493976,83,23,83,0,100,False,0.03157894736842104
0.4939759036144578,83,41,83,0,101,False,0.08157894736842097
0.07228915662650602,83,6,83,0,102,False,0.039473684210526216
0.1566265060240964,83,13,83,0,103,False,0.013157894736842035
0.1927710843373494,83,16,83,0,104,False,0.013157894736842035
0.3253012048192771,83,27,83,0,105,False,0.02631578947368418
0.13253012048192772,83,11,83,0,106,False,0.010526315789473606
0.26506024096385544,83,22,83,0,107,False,-0.0026315789473684292
0.10843373493975904,83,9,83,0,108,False,0.039473684210526216
0.2289156626506024,83,19,83,0,109,False,0.021052631578947323
0.37349397590361444,83,31,83,0,110,False,0.06052631578947365
0.1686746987951807,83,14,83,0,111,False,0.021052631578947323
0.3132530120481928,83,26,83,0,112,False,0.023684210526315752
0.20481927710843373,83,17,83,0,113,False,-0.015789473684210575
0.12048192771084337,83,10,83,0,114,False,0.015789473684210464
0.2891566265060241,83,24,83,0,115,False,0.018421052631578894
0.30120481927710846,83,25,83,0,116,False,0.023684210526315752
0.1566265060240964,83,13,83,0,117,False,0.010526315789473606
0.3373493975903614,83,28,83,0,118,False,0.018421052631578894
0.25301204819277107,83,21,83,0,119,False,0.013157894736842035
0.3373493975903614,83,28,83,0,120,False,0.0368421052631579
0.4457831325301205,83,37,83,0,121,False,0.06052631578947365
0.18072289156626506,83,15,83,0,122,False,0.013157894736842035
0.14457831325301204,83,12,83,0,123,False,0.015789473684210464
0.43373493975903615,83,36,83,0,124,False,0.05526315789473679
0.18072289156626506,83,15,83,0,125,False,0.02631578947368418
0.12048192771084337,83,10,83,0,126,False,0.03157894736842104
0.3132530120481928,83,26,83,0,127,False,0.015789473684210464
0.21686746987951808,83,18,83,0,128,False,0.0
0.24096385542168675,83,20,83,0,129,False,0.007894736842105177
0.2289156626506024,83,19,83,0,130,False,0.0052631578947367474
0.1927710843373494,83,16,83,0,131,False,0.002631578947368318
0.3493975903614458,83,29,83,0,132,False,0.042105263157894646
0.20481927710843373,83,17,83,0,133,False,-0.0026315789473684292
0.18072289156626506,83,15,83,0,134,False,0.013157894736842035
0.24096385542168675,83,20,83,0,135,False,0.002631578947368318
0.14457831325301204,83,12,83,0,136,False,0.010526315789473606
0.30120481927710846,83,25,83,0,137,False,0.021052631578947323
0.3614457831325301,83,30,83,0,138,False,0.013157894736842035
0.1927710843373494,83,16,83,0,139,False,0.010526315789473606
0.3132530120481928,83,26,83,0,140,False,0.018421052631578894
0.40963855421686746,83,34,83,0,141,False,0.044736842105263075
0.21686746987951808,83,18,83,0,142,False,0.015789473684210464
0.14457831325301204,83,12,83,0,143,False,0.021052631578947323
0.25301204819277107,83,21,83,0,144,False,0.023684210526315752
0.1566265060240964,83,13,83,0,145,False,0.015789473684210464
0.1686746987951807,83,14,83,0,146,False,0.021052631578947323
0.14457831325301204,83,12,83,0,147,False,0.010526315789473606
0.2891566265060241,83,24,83,0,148,False,0.010526315789473606
0.12048192771084337,83,10,83,0,149,False,0.039473684210526216
0.1927710843373494,83,16,83,0,150,False,0.015789473684210464
0.2289156626506024,83,19,83,0,151,False,0.0368421052631579
0.1566265060240964,83,13,83,0,152,False,0.02631578947368418
0.25301204819277107,83,21,83,0,153,False,0.013157894736842035
0.3614457831325301,83,30,83,0,154,False,0.021052631578947323
0.26506024096385544,83,22,83,0,155,False,0.013157894736842035
0.20481927710843373,83,17,83,0,156,False,0.018421052631578894
0.2891566265060241,83,24,83,0,157,False,0.007894736842105177
0.20481927710843373,83,17,83,0,158,False,0.007894736842105177
0.3132530120481928,83,26,83,0,159,False,0.007894736842105177
0.10843373493975904,83,9,83,0,160,False,0.023684210526315752
0.14457831325301204,83,12,83,0,161,False,0.015789473684210464
0.25301204819277107,83,21,83,0,162,False,-0.0026315789473684292
0.26506024096385544,83,22,83,0,163,False,0.015789473684210464
0.3614457831325301,83,30,83,0,164,False,0.02631578947368418
0.3132530120481928,83,26,83,0,165,False,0.018421052631578894
0.1927710843373494,83,16,83,0,166,False,0.002631578947368318
0.3132530120481928,83,26,83,0,167,False,0.023684210526315752
0.2891566265060241,83,24,83,0,168,False,0.007894736842105177
0.26506024096385544,83,22,83,0,169,False,0.002631578947368318
0.2891566265060241,83,24,83,0,170,False,-0.0026315789473684292
0.1927710843373494,83,16,83,0,171,False,-0.013157894736842146
0.0963855421686747,83,8,83,0,172,False,0.002631578947368318
0.24096385542168675,83,20,83,0,173,False,0.0
0.20481927710843373,83,17,83,0,174,False,0.002631578947368318
0.1686746987951807,83,14,83,0,175,False,0.0
0.0963855421686747,83,8,83,0,176,False,0.010526315789473606
0.3253012048192771,83,27,83,0,177,False,0.015789473684210464
0.30120481927710846,83,25,83,0,178,False,0.010526315789473606
0.18072289156626506,83,15,83,0,179,False,0.0052631578947367474
0.43373493975903615,83,36,83,0,180,False,0.044736842105263075
0.18072289156626506,83,15,83,0,181,False,0.0052631578947367474
0.3253012048192771,83,27,83,0,182,False,0.02631578947368418
0.39759036144578314,83,33,83,0,183,False,0.039473684210526216
0.3132530120481928,83,26,83,0,184,False,0.023684210526315752
0.1686746987951807,83,14,83,0,185,False,0.013157894736842035
0.20481927710843373,83,17,83,0,186,False,0.015789473684210464
0.3132530120481928,83,26,83,0,187,False,0.023684210526315752
0.2289156626506024,83,19,83,0,188,False,0.013157894736842035
0.3493975903614458,83,29,83,0,189,False,0.03157894736842104
0.26506024096385544,83,22,83,0,190,False,0.02631578947368418
0.1927710843373494,83,16,83,0,191,False,-0.0052631578947368585
0.42168674698795183,83,35,83,0,192,False,0.042105263157894646
0.3373493975903614,83,28,83,0,193,False,0.018421052631578894
0.25301204819277107,83,21,83,0,194,False,0.042105263157894646
0.26506024096385544,83,22,83,0,195,False,0.023684210526315752
0.30120481927710846,83,25,83,0,196,False,0.044736842105263075
0.0963855421686747,83,8,83,0,197,False,0.013157894736842035
0.2891566265060241,83,24,83,0,198,False,0.02894736842105261
0.21686746987951808,83,18,83,0,199,False,0.018421052631578894
0.1927710843373494,83,16,83,0,200,False,0.02631578947368418
0.39759036144578314,83,33,83,0,201,False,0.04999999999999993
0.40963855421686746,83,34,83,0,202,False,0.04999999999999993
0.3614457831325301,83,30,83,0,203,False,0.03421052631578947
0.3493975903614458,83,29,83,0,204,False,0.018421052631578894
0.30120481927710846,83,25,83,0,205,False,0.015789473684210464
0.08433734939759036,83,7,83,0,206,False,0.018421052631578894
0.26506024096385544,83,22,83,0,207,False,0.03157894736842104
0.12048192771084337,83,10,83,0,208,False,0.023684210526315752
0.2891566265060241,83,24,83,0,209,False,0.018421052631578894
0.21686746987951808,83,18,83,0,210,False,0.0368421052631579
0.1686746987951807,83,14,83,0,211,False,0.044736842105263075
0.2289156626506024,83,19,83,0,212,False,0.013157894736842035
0.21686746987951808,83,18,83,0,213,False,0.021052631578947323
0.3253012048192771,83,27,83,0,214,False,0.013157894736842035
0.3373493975903614,83,28,83,0,215,False,0.010526315789473606
0.40963855421686746,83,34,83,0,216,False,0.044736842105263075
0.25301204819277107,83,21,83,0,217,False,0.02631578947368418
0.4457831325301205,83,37,83,0,218,False,0.06315789473684208
0.3373493975903614,83,28,83,0,219,False,0.03157894736842104
0.27710843373493976,83,23,83,0,220,False,0.021052631578947323
0.2891566265060241,83,24,83,0,221,False,0.042105263157894646
0.30120481927710846,83,25,83,0,222,False,0.023684210526315752
0.27710843373493976,83,23,83,0,223,False,0.03157894736842104
0.39759036144578314,83,33,83,0,224,False,0.044736842105263075
0.24096385542168675,83,20,83,0,225,False,0.0052631578947367474
0.3614457831325301,83,30,83,0,226,False,0.039473684210526216
0.3132530120481928,83,26,83,0,227,False,0.02631578947368418
0.3373493975903614,83,28,83,0,228,False,0.02894736842105261
0.1566265060240964,83,13,83,0,229,False,0.0052631578947367474
0.18072289156626506,83,15,83,0,230,False,0.007894736842105177
0.27710843373493976,83,23,83,0,231,False,0.0052631578947367474
0.24096385542168675,83,20,83,0,232,False,0.023684210526315752
0.30120481927710846,83,25,83,0,233,False,0.015789473684210464
0.43373493975903615,83,36,83,0,234,False,0.044736842105263075
0.25301204819277107,83,21,83,0,235,False,0.02631578947368418
0.30120481927710846,83,25,83,0,236,False,0.013157894736842035
0.13253012048192772,83,11,83,0,237,False,0.021052631578947323
0.2891566265060241,83,24,83,0,238,False,0.018421052631578894
0.24096385542168675,83,20,83,0,239,False,0.013157894736842035
0.3132530120481928,83,26,83,0,240,False,0.021052631578947323
0.1566265060240964,83,13,83,0,241,False,0.007894736842105177
0.24096385542168675,83,20,83,0,242,False,0.013157894736842035
0.21686746987951808,83,18,83,0,243,False,-0.0052631578947368585
0.21686746987951808,83,18,83,0,244,False,-0.0026315789473684292
0.26506024096385544,83,22,83,0,245,False,0.0052631578947367474
0.13253012048192772,83,11,83,0,246,False,-0.0026315789473684292
0.20481927710843373,83,17,83,0,247,False,0.002631578947368318
0.18072289156626506,83,15,83,0,248,False,0.010526315789473606
0.18072289156626506,83,15,83,0,249,False,0.018421052631578894
0.2891566265060241,83,24,83,0,250,False,0.0052631578947367474
0.2289156626506024,83,19,83,0,251,False,0.010526315789473606
0.24096385542168675,83,20,83,0,252,False,-0.0026315789473684292
0.13253012048192772,83,11,83,0,253,False,0.007894736842105177
0.20481927710843373,83,17,83,0,254,False,0.021052631578947323
0.18072289156626506,83,15,83,0,255,False,0.015789473684210464
0.26506024096385544,83,22,83,0,256,False,0.0
0.20481927710843373,83,17,83,0,257,False,-0.0052631578947368585
0.30120481927710846,83,25,83,0,258,False,0.0052631578947367474
0.20481927710843373,83,17,83,0,259,False,0.010526315789473606
0.24096385542168675,83,20,83,0,260,False,0.018421052631578894
0.1927710843373494,83,16,83,0,261,False,0.018421052631578894
0.39759036144578314,83,33,83,0,262,False,0.0368421052631579
0.24096385542168675,83,20,83,0,263,False,0.007894736842105177
0.18072289156626506,83,15,83,0,264,False,-0.0026315789473684292
0.25301204819277107,83,21,83,0,265,False,-0.0026315789473684292
0.10843373493975904,83,9,83,0,266,False,-0.0052631578947368585
0.30120481927710846,83,25,83,0,267,False,0.010526315789473606
0.30120481927710846,83,25,83,0,268,False,0.0
0.13253012048192772,83,11,83,0,269,False,-0.0026315789473684292
0.30120481927710846,83,25,83,0,270,False,0.0052631578947367474
0.24096385542168675,83,20,83,0,271,False,-0.0026315789473684292
0.3614457831325301,83,30,83,0,272,False,0.03421052631578947
0.18072289156626506,83,15,83,0,273,False,-0.0026315789473684292
0.18072289156626506,83,15,83,0,274,False,-0.010526315789473717
0.1566265060240964,83,13,83,0,275,False,0.002631578947368318
0.3373493975903614,83,28,83,0,276,False,0.03157894736842104
0.2891566265060241,83,24,83,0,277,False,0.007894736842105177
0.3253012048192771,83,27,83,0,278,False,0.02631578947368418
0.1927710843373494,83,16,83,0,279,False,-0.0026315789473684292
0.08433734939759036,83,7,83,0,280,False,0.047368421052631504
0.24096385542168675,83,20,83,0,281,False,-0.0052631578947368585
0.20481927710843373,83,17,83,0,282,False,0.007894736842105177
0.10843373493975904,83,9,83,0,283,False,0.039473684210526216
0.20481927710843373,83,17,83,0,284,False,0.015789473684210464
0.27710843373493976,83,23,83,0,285,False,0.007894736842105177
0.2289156626506024,83,19,83,0,286,False,0.0
0.1927710843373494,83,16,83,0,287,False,0.0052631578947367474
0.18072289156626506,83,15,83,0,288,False,0.013157894736842035
0.2289156626506024,83,19,83,0,289,False,0.002631578947368318
0.0963855421686747,83,8,83,0,290,False,0.0052631578947367474
0.2289156626506024,83,19,83,0,291,False,0.021052631578947323
0.21686746987951808,83,18,83,0,292,False,0.013157894736842035
0.12048192771084337,83,10,83,0,293,False,0.023684210526315752
0.24096385542168675,83,20,83,0,294,False,0.03421052631578947
0.27710843373493976,83,23,83,0,295,False,0.0
0.2289156626506024,83,19,83,0,296,False,0.02894736842105261
0.14457831325301204,83,12,83,0,297,False,0.02631578947368418
0.1686746987951807,83,14,83,0,298,False,0.010526315789473606
0.3132530120481928,83,26,83,0,299,False,0.023684210526315752
0.3373493975903614,83,28,83,0,300,False,0.02894736842105261
0.3132530120481928,83,26,83,0,301,False,0.018421052631578894
0.1927710843373494,83,16,83,0,302,False,0.015789473684210464
0.24096385542168675,83,20,83,0,303,False,0.013157894736842035
0.24096385542168675,83,20,83,0,304,False,0.03157894736842104
0.2289156626506024,83,19,83,0,305,False,0.0
0.1927710843373494,83,16,83,0,306,False,-0.0026315789473684292
0.27710843373493976,83,23,83,0,307,False,0.0052631578947367474
0.1927710843373494,83,16,83,0,308,False,0.0052631578947367474
0.27710843373493976,83,23,83,0,309,False,0.013157894736842035
0.27710843373493976,83,23,83,0,310,False,0.010526315789473606
0.20481927710843373,83,17,83,0,311,False,0.013157894736842035
0.1927710843373494,83,16,83,0,312,False,0.021052631578947323
0.25301204819277107,83,21,83,0,313,False,0.010526315789473606
0.27710843373493976,83,23,83,0,314,False,0.002631578947368318
0.2891566265060241,83,24,83,0,315,False,0.0052631578947367474
0.21686746987951808,83,18,83,0,316,False,0.002631578947368318
0.12048192771084337,83,10,83,0,317,False,0.042105263157894646
0.37349397590361444,83,31,83,0,318,False,0.05263157894736836
0.27710843373493976,83,23,83,0,319,False,0.02894736842105261
0.26506024096385544,83,22,83,0,320,False,0.02631578947368418
0.3132530120481928,83,26,83,0,321,False,0.039473684210526216
0.2289156626506024,83,19,83,0,322,False,0.0052631578947367474
0.24096385542168675,83,20,83,0,323,False,-0.0026315789473684292
0.3132530120481928,83,26,83,0,324,False,0.023684210526315752
0.13253012048192772,83,11,83,0,325,False,0.023684210526315752
0.1686746987951807,83,14,83,0,326,False,0.023684210526315752
0.18072289156626506,83,15,83,0,327,False,0.0052631578947367474
0.20481927710843373,83,17,83,0,328,False,0.0052631578947367474
0.14457831325301204,83,12,83,0,329,False,0.02631578947368418
0.2289156626506024,83,19,83,0,330,False,0.010526315789473606
0.26506024096385544,83,22,83,0,331,False,0.013157894736842035
0.1927710843373494,83,16,83,0,332,False,-0.0052631578947368585
0.26506024096385544,83,22,83,0,333,False,0.015789473684210464
0.21686746987951808,83,18,83,0,334,False,0.0052631578947367474
0.25301204819277107,83,21,83,0,335,False,0.007894736842105177
0.1686746987951807,83,14,83,0,336,False,0.0
0.1686746987951807,83,14,83,0,337,False,0.0052631578947367474
0.24096385542168675,83,20,83,0,338,False,0.0
0.2891566265060241,83,24,83,0,339,False,0.018421052631578894
0.24096385542168675,83,20,83,0,340,False,0.018421052631578894
0.2289156626506024,83,19,83,0,341,False,0.013157894736842035
0.1686746987951807,83,14,83,0,342,False,-0.0052631578947368585
0.1927710843373494,83,16,83,0,343,False,-0.0026315789473684292
0.1566265060240964,83,13,83,0,344,False,0.018421052631578894
0.26506024096385544,83,22,83,0,345,False,0.0
0.24096385542168675,83,20,83,0,346,False,0.015789473684210464
0.30120481927710846,83,25,83,0,347,False,0.021052631578947323
0.1686746987951807,83,14,83,0,348,False,-0.0052631578947368585
0.18072289156626506,83,15,83,0,349,False,0.0
0.24096385542168675,83,20,83,0,350,False,0.015789473684210464
0.3253012048192771,83,27,83,0,351,False,0.03421052631578947
0.30120481927710846,83,25,83,0,352,False,0.023684210526315752
0.18072289156626506,83,15,83,0,353,False,0.0
0.27710843373493976,83,23,83,0,354,False,0.02631578947368418
0.21686746987951808,83,18,83,0,355,False,0.007894736842105177
0.20481927710843373,83,17,83,0,356,False,0.010526315789473606
0.2891566265060241,83,24,83,0,357,False,0.02894736842105261
0.25301204819277107,83,21,83,0,358,False,0.015789473684210464
0.1686746987951807,83,14,83,0,359,False,0.0052631578947367474
0.24096385542168675,83,20,83,0,360,False,0.015789473684210464
0.21686746987951808,83,18,83,0,361,False,0.02631578947368418
0.20481927710843373,83,17,83,0,362,False,0.023684210526315752
0.24096385542168675,83,20,83,0,363,False,0.015789473684210464
0.30120481927710846,83,25,83,0,364,False,0.02894736842105261
0.3373493975903614,83,28,83,0,365,False,0.03157894736842104
0.24096385542168675,83,20,83,0,366,False,0.010526315789473606
0.2891566265060241,83,24,83,0,367,False,0.018421052631578894
0.25301204819277107,83,21,83,0,368,False,0.023684210526315752
0.20481927710843373,83,17,83,0,369,False,0.02631578947368418
0.21686746987951808,83,18,83,0,370,False,0.0052631578947367474
0.3373493975903614,83,28,83,0,371,False,0.018421052631578894
0.21686746987951808,83,18,83,0,372,False,0.015789473684210464
0.2289156626506024,83,19,83,0,373,False,0.015789473684210464
0.24096385542168675,83,20,83,0,374,False,0.018421052631578894
0.20481927710843373,83,17,83,0,375,False,0.018421052631578894
0.25301204819277107,83,21,83,0,376,False,0.018421052631578894
0.27710843373493976,83,23,83,0,377,False,0.023684210526315752
0.1566265060240964,83,13,83,0,378,False,0.0
0.1927710843373494,83,16,83,0,379,False,0.021052631578947323
0.2289156626506024,83,19,83,0,380,False,0.007894736842105177
0.24096385542168675,83,20,83,0,381,False,0.015789473684210464
0.18072289156626506,83,15,83,0,382,False,-0.007894736842105288
0.2891566265060241,83,24,83,0,383,False,0.018421052631578894
0.30120481927710846,83,25,83,0,384,False,0.021052631578947323
0.27710843373493976,83,23,83,0,385,False,0.007894736842105177
0.14457831325301204,83,12,83,0,386,False,0.018421052631578894
0.18072289156626506,83,15,83,0,387,False,0.013157894736842035
0.2289156626506024,83,19,83,0,388,False,0.023684210526315752
0.24096385542168675,83,20,83,0,389,False,0.013157894736842035
0.18072289156626506,83,15,83,0,390,False,0.007894736842105177
0.1927710843373494,83,16,83,0,391,False,-0.0026315789473684292
0.24096385542168675,83,20,83,0,392,False,0.010526315789473606
0.26506024096385544,83,22,83,0,393,False,0.021052631578947323
0.24096385542168675,83,20,83,0,394,False,0.015789473684210464
0.20481927710843373,83,17,83,0,395,False,0.013157894736842035
0.2289156626506024,83,19,83,0,396,False,0.013157894736842035
0.21686746987951808,83,18,83,0,397,False,-0.0026315789473684292
0.39759036144578314,83,33,83,0,398,False,0.047368421052631504
0.26506024096385544,83,22,83,0,399,False,0.021052631578947323
0.2289156626506024,83,19,83,0,400,False,0.013157894736842035
0.18072289156626506,83,15,83,0,401,False,-0.007894736842105288
0.1927710843373494,83,16,83,0,402,False,0.0052631578947367474
0.2289156626506024,83,19,83,0,403,False,0.02631578947368418
0.2289156626506024,83,19,83,0,404,False,0.021052631578947323
0.18072289156626506,83,15,83,0,405,False,0.0052631578947367474
0.2289156626506024,83,19,83,0,406,False,0.015789473684210464
0.20481927710843373,83,17,83,0,407,False,0.007894736842105177
0.18072289156626506,83,15,83,0,408,False,0.007894736842105177
0.30120481927710846,83,25,83,0,409,False,0.018421052631578894
0.1927710843373494,83,16,83,0,410,False,0.0052631578947367474
0.1566265060240964,83,13,83,0,411,False,0.013157894736842035
0.20481927710843373,83,17,83,0,412,False,0.013157894736842035
0.21686746987951808,83,18,83,0,413,False,0.015789473684210464
0.18072289156626506,83,15,83,0,414,False,0.007894736842105177
0.18072289156626506,83,15,83,0,415,False,0.002631578947368318
0.24096385542168675,83,20,83,0,416,False,0.010526315789473606
0.24096385542168675,83,20,83,0,417,False,0.021052631578947323
0.3253012048192771,83,27,83,0,418,False,0.021052631578947323
0.20481927710843373,83,17,83,0,419,False,0.018421052631578894
0.1927710843373494,83,16,83,0,420,False,0.015789473684210464
0.18072289156626506,83,15,83,0,421,False,0.02894736842105261
0.26506024096385544,83,22,83,0,422,False,0.002631578947368318
0.26506024096385544,83,22,83,0,423,False,0.0052631578947367474
0.24096385542168675,83,20,83,0,424,False,0.015789473684210464
0.25301204819277107,83,21,83,0,425,False,0.0052631578947367474
0.21686746987951808,83,18,83,0,426,False,0.002631578947368318
0.21686746987951808,83,18,83,0,427,False,-0.0026315789473684292
0.3132530120481928,83,26,83,0,428,False,-0.0026315789473684292
0.3132530120481928,83,26,83,0,429,False,0.002631578947368318
0.24096385542168675,83,20,83,0,430,False,-0.013157894736842146
0.30120481927710846,83,25,83,0,431,False,0.015789473684210464
0.18072289156626506,83,15,83,0,432,False,0.010526315789473606
0.1566265060240964,83,13,83,0,433,False,0.023684210526315752
0.1686746987951807,83,14,83,0,434,False,0.018421052631578894
0.18072289156626506,83,15,83,0,435,False,0.03421052631578947
0.27710843373493976,83,23,83,0,436,False,0.010526315789473606
0.27710843373493976,83,23,83,0,437,False,0.010526315789473606
0.1566265060240964,83,13,83,0,438,False,0.023684210526315752
0.30120481927710846,83,25,83,0,439,False,0.018421052631578894
0.24096385542168675,83,20,83,0,440,False,-0.0052631578947368585
0.21686746987951808,83,18,83,0,441,False,0.02894736842105261
0.20481927710843373,83,17,83,0,442,False,0.013157894736842035
0.25301204819277107,83,21,83,0,443,False,0.010526315789473606
0.3253012048192771,83,27,83,0,444,False,0.03157894736842104
0.1927710843373494,83,16,83,0,445,False,0.007894736842105177
0.39759036144578314,83,33,83,0,446,False,0.05526315789473679
0.25301204819277107,83,21,83,0,447,False,-0.0026315789473684292
0.26506024096385544,83,22,83,0,448,False,0.015789473684210464
0.25301204819277107,83,21,83,0,449,False,0.007894736842105177
0.20481927710843373,83,17,83,0,450,False,0.013157894736842035
0.2289156626506024,83,19,83,0,451,False,0.010526315789473606
0.26506024096385544,83,22,83,0,452,False,0.002631578947368318
0.3132530120481928,83,26,83,0,453,False,0.015789473684210464
0.2891566265060241,83,24,83,0,454,False,0.023684210526315752
0.2891566265060241,83,24,83,0,455,False,0.021052631578947323
0.27710843373493976,83,23,83,0,456,False,0.0052631578947367474
0.1927710843373494,83,16,83,0,457,False,0.0052631578947367474
0.18072289156626506,83,15,83,0,458,False,-0.0052631578947368585
0.3132530120481928,83,26,83,0,459,False,0.021052631578947323
0.1566265060240964,83,13,83,0,460,False,0.0
0.26506024096385544,83,22,83,0,461,False,0.007894736842105177
0.1686746987951807,83,14,83,0,462,False,0.018421052631578894
0.26506024096385544,83,22,83,0,463,False,0.02894736842105261
0.21686746987951808,83,18,83,0,464,False,0.023684210526315752
0.18072289156626506,83,15,83,0,465,False,0.021052631578947323
0.3373493975903614,83,28,83,0,466,False,0.010526315789473606
0.3253012048192771,83,27,83,0,467,False,0.0052631578947367474
0.24096385542168675,83,20,83,0,468,False,0.0052631578947367474
0.2891566265060241,83,24,83,0,469,False,0.0052631578947367474
0.20481927710843373,83,17,83,0,470,False,0.007894736842105177
0.25301204819277107,83,21,83,0,471,False,0.002631578947368318
0.25301204819277107,83,21,83,0,472,False,0.013157894736842035
0.3373493975903614,83,28,83,0,473,False,0.03157894736842104
0.24096385542168675,83,20,83,0,474,False,0.002631578947368318
0.3373493975903614,83,28,83,0,475,False,0.02894736842105261
0.30120481927710846,83,25,83,0,476,False,0.0
0.1927710843373494,83,16,83,0,477,False,-0.007894736842105288
0.25301204819277107,83,21,83,0,478,False,0.0
0.27710843373493976,83,23,83,0,479,False,0.0
0.18072289156626506,83,15,83,0,480,False,0.007894736842105177
0.2289156626506024,83,19,83,0,481,False,0.015789473684210464
0.26506024096385544,83,22,83,0,482,False,0.013157894736842035
0.27710843373493976,83,23,83,0,483,False,0.010526315789473606
0.24096385542168675,83,20,83,0,484,False,0.018421052631578894
0.26506024096385544,83,22,83,0,485,False,0.007894736842105177
0.18072289156626506,83,15,83,0,486,False,0.015789473684210464
0.3493975903614458,83,29,83,0,487,False,0.010526315789473606
0.18072289156626506,83,15,83,0,488,False,0.007894736842105177
0.20481927710843373,83,17,83,0,489,False,0.018421052631578894
0.1927710843373494,83,16,83,0,490,False,0.015789473684210464
0.3373493975903614,83,28,83,0,491,False,0.021052631578947323
0.25301204819277107,83,21,83,0,492,False,-0.0026315789473684292
0.20481927710843373,83,17,83,0,493,False,0.02631578947368418
0.24096385542168675,83,20,83,0,494,False,0.021052631578947323
0.2289156626506024,83,19,83,0,495,False,0.015789473684210464
0.25301204819277107,83,21,83,0,496,False,0.010526315789473606
0.26506024096385544,83,22,83,0,497,False,0.02631578947368418
0.26506024096385544,83,22,83,0,498,False,0.015789473684210464
0.24096385542168675,83,20,83,0,499,False,0.018421052631578894
0.1927710843373494,83,16,83,0,500,False,0.0368421052631579
0.2289156626506024,83,19,83,0,501,False,0.018421052631578894
0.27710843373493976,83,23,83,0,502,False,0.013157894736842035
0.14457831325301204,83,12,83,0,503,False,0.039473684210526216
0.26506024096385544,83,22,83,0,504,False,0.02631578947368418
0.21686746987951808,83,18,83,0,505,False,0.02631578947368418
0.21686746987951808,83,18,83,0,506,False,0.03421052631578947
0.21686746987951808,83,18,83,0,507,False,0.023684210526315752
0.1686746987951807,83,14,83,0,508,False,0.02631578947368418
0.25301204819277107,83,21,83,0,509,False,0.010526315789473606
0.25301204819277107,83,21,83,0,510,False,0.007894736842105177
0.26506024096385544,83,22,83,0,511,False,0.007894736842105177
0.3493975903614458,83,29,83,0,512,False,0.021052631578947323
0.24096385542168675,83,20,83,0,513,False,-0.007894736842105288
0.20481927710843373,83,17,83,0,514,False,-0.0052631578947368585
0.18072289156626506,83,15,83,0,515,False,0.007894736842105177
0.1927710843373494,83,16,83,0,516,False,0.018421052631578894
0.18072289156626506,83,15,83,0,517,False,0.03157894736842104
0.1927710843373494,83,16,83,0,518,False,0.03157894736842104
0.26506024096385544,83,22,83,0,519,False,0.02631578947368418
0.2289156626506024,83,19,83,0,520,False,0.03157894736842104
0.21686746987951808,83,18,83,0,521,False,0.018421052631578894
0.2289156626506024,83,19,83,0,522,False,0.042105263157894646
0.25301204819277107,83,21,83,0,523,False,0.03157894736842104
0.25301204819277107,83,21,83,0,524,False,0.015789473684210464
0.2289156626506024,83,19,83,0,525,False,0.015789473684210464
0.25301204819277107,83,21,83,0,526,False,0.023684210526315752
0.27710843373493976,83,23,83,0,527,False,0.021052631578947323
0.21686746987951808,83,18,83,0,528,False,0.007894736842105177
0.20481927710843373,83,17,83,0,529,False,0.018421052631578894
0.18072289156626506,83,15,83,0,530,False,0.0052631578947367474
0.2289156626506024,83,19,83,0,531,False,0.002631578947368318
0.21686746987951808,83,18,83,0,532,False,0.007894736842105177
0.20481927710843373,83,17,83,0,533,False,0.007894736842105177
0.21686746987951808,83,18,83,0,534,False,0.0052631578947367474
0.25301204819277107,83,21,83,0,535,False,0.023684210526315752
0.26506024096385544,83,22,83,0,536,False,0.018421052631578894
0.3132530120481928,83,26,83,0,537,False,0.013157894736842035
0.26506024096385544,83,22,83,0,538,False,0.02631578947368418
0.27710843373493976,83,23,83,0,539,False,0.023684210526315752
0.27710843373493976,83,23,83,0,540,False,0.010526315789473606
0.26506024096385544,83,22,83,0,541,False,0.013157894736842035
0.1686746987951807,83,14,83,0,542,False,0.013157894736842035
0.3253012048192771,83,27,83,0,543,False,0.0368421052631579
0.20481927710843373,83,17,83,0,544,False,0.010526315789473606
0.1927710843373494,83,16,83,0,545,False,0.0052631578947367474
0.18072289156626506,83,15,83,0,546,False,-0.013157894736842146
0.21686746987951808,83,18,83,0,547,False,0.007894736842105177
0.26506024096385544,83,22,83,0,548,False,0.013157894736842035
0.1927710843373494,83,16,83,0,549,False,0.010526315789473606
0.2891566265060241,83,24,83,0,550,False,0.021052631578947323
0.1927710843373494,83,16,83,0,551,False,0.007894736842105177
0.1927710843373494,83,16,83,0,552,False,0.010526315789473606
0.3493975903614458,83,29,83,0,553,False,0.02631578947368418
0.1927710843373494,83,16,83,0,554,False,0.013157894736842035
0.3132530120481928,83,26,83,0,555,False,0.021052631578947323
0.25301204819277107,83,21,83,0,556,False,0.018421052631578894
0.24096385542168675,83,20,83,0,557,False,0.0052631578947367474
0.3373493975903614,83,28,83,0,558,False,0.021052631578947323
0.25301204819277107,83,21,83,0,559,False,0.015789473684210464
0.3253012048192771,83,27,83,0,560,False,0.02631578947368418
0.30120481927710846,83,25,83,0,561,False,0.023684210526315752
0.1686746987951807,83,14,83,0,562,False,0.021052631578947323
0.3132530120481928,83,26,83,0,563,False,0.02631578947368418
0.25301204819277107,83,21,83,0,564,False,0.02631578947368418
0.24096385542168675,83,20,83,0,565,False,0.018421052631578894
0.20481927710843373,83,17,83,0,566,False,0.02631578947368418
0.2891566265060241,83,24,83,0,567,False,0.018421052631578894
0.1566265060240964,83,13,83,0,568,False,0.0052631578947367474
0.25301204819277107,83,21,83,0,569,False,0.023684210526315752
0.3132530120481928,83,26,83,0,570,False,0.03421052631578947
0.3373493975903614,83,28,83,0,571,False,0.018421052631578894
0.3132530120481928,83,26,83,0,572,False,0.023684210526315752
0.26506024096385544,83,22,83,0,573,False,0.023684210526315752
0.20481927710843373,83,17,83,0,574,False,0.015789473684210464
0.30120481927710846,83,25,83,0,575,False,0.02631578947368418
0.21686746987951808,83,18,83,0,576,False,0.023684210526315752
0.21686746987951808,83,18,83,0,577,False,0.015789473684210464
0.1566265060240964,83,13,83,0,578,False,0.0052631578947367474
0.30120481927710846,83,25,83,0,579,False,0.018421052631578894
0.1686746987951807,83,14,83,0,580,False,0.015789473684210464
0.1927710843373494,83,16,83,0,581,False,0.007894736842105177
0.24096385542168675,83,20,83,0,582,False,0.015789473684210464
0.2891566265060241,83,24,83,0,583,False,0.018421052631578894
0.25301204819277107,83,21,83,0,584,False,0.023684210526315752
0.25301204819277107,83,21,83,0,585,False,0.021052631578947323
0.20481927710843373,83,17,83,0,586,False,0.021052631578947323
0.24096385542168675,83,20,83,0,587,False,0.007894736842105177
0.25301204819277107,83,21,83,0,588,False,0.0052631578947367474
0.3132530120481928,83,26,83,0,589,False,0.018421052631578894
0.21686746987951808,83,18,83,0,590,False,0.0052631578947367474
0.3373493975903614,83,28,83,0,591,False,0.03157894736842104
0.1927710843373494,83,16,83,0,592,False,0.015789473684210464
0.2289156626506024,83,19,83,0,593,False,0.023684210526315752
0.1927710843373494,83,16,83,0,594,False,0.021052631578947323
0.25301204819277107,83,21,83,0,595,False,0.023684210526315752
0.18072289156626506,83,15,83,0,596,False,0.0
0.14457831325301204,83,12,83,0,597,False,0.0052631578947367474
0.1566265060240964,83,13,83,0,598,False,-0.007894736842105288
0.27710843373493976,83,23,83,0,599,False,0.02894736842105261
0.24096385542168675,83,20,83,0,600,False,0.02631578947368418
0.21686746987951808,83,18,83,0,601,False,0.015789473684210464
0.27710843373493976,83,23,83,0,602,False,0.02631578947368418
0.2891566265060241,83,24,83,0,603,False,0.023684210526315752
0.21686746987951808,83,18,83,0,604,False,0.013157894736842035
0.2891566265060241,83,24,83,0,605,False,0.02631578947368418
0.30120481927710846,83,25,83,0,606,False,0.021052631578947323
0.25301204819277107,83,21,83,0,607,False,0.021052631578947323
0.1927710843373494,83,16,83,0,608,False,0.0052631578947367474
0.20481927710843373,83,17,83,0,609,False,0.0
0.18072289156626506,83,15,83,0,610,False,0.007894736842105177
0.2289156626506024,83,19,83,0,611,False,0.015789473684210464
0.2891566265060241,83,24,83,0,612,False,0.02894736842105261
0.26506024096385544,83,22,83,0,613,False,0.02894736842105261
0.20481927710843373,83,17,83,0,614,False,0.013157894736842035
0.1927710843373494,83,16,83,0,615,False,0.007894736842105177
0.21686746987951808,83,18,83,0,616,False,0.010526315789473606
0.1566265060240964,83,13,83,0,617,False,0.0052631578947367474
0.27710843373493976,83,23,83,0,618,False,0.018421052631578894
0.2289156626506024,83,19,83,0,619,False,0.015789473684210464
0.24096385542168675,83,20,83,0,620,False,0.0052631578947367474
0.18072289156626506,83,15,83,0,621,False,-0.0026315789473684292
0.24096385542168675,83,20,83,0,622,False,0.023684210526315752
0.20481927710843373,83,17,83,0,623,False,0.010526315789473606
0.26506024096385544,83,22,83,0,624,False,0.015789473684210464
0.18072289156626506,83,15,83,0,625,False,0.002631578947368318
0.21686746987951808,83,18,83,0,626,False,0.018421052631578894
0.18072289156626506,83,15,83,0,627,False,0.0
0.2289156626506024,83,19,83,0,628,False,0.0
0.20481927710843373,83,17,83,0,629,False,-0.0026315789473684292
0.18072289156626506,83,15,83,0,630,False,-0.0026315789473684292
0.25301204819277107,83,21,83,0,631,False,0.02894736842105261
0.20481927710843373,83,17,83,0,632,False,0.010526315789473606
0.24096385542168675,83,20,83,0,633,False,0.0052631578947367474
0.1686746987951807,83,14,83,0,634,False,0.015789473684210464
0.1927710843373494,83,16,83,0,635,False,0.010526315789473606
0.26506024096385544,83,22,83,0,636,False,0.018421052631578894
0.24096385542168675,83,20,83,0,637,False,0.015789473684210464
0.26506024096385544,83,22,83,0,638,False,0.018421052631578894
0.26506024096385544,83,22,83,0,639,False,0.015789473684210464
0.1566265060240964,83,13,83,0,640,False,-0.007894736842105288
0.27710843373493976,83,23,83,0,641,False,0.023684210526315752
0.1927710843373494,83,16,83,0,642,False,0.013157894736842035
0.24096385542168675,83,20,83,0,643,False,0.021052631578947323
0.3373493975903614,83,28,83,0,644,False,0.03421052631578947
0.25301204819277107,83,21,83,0,645,False,0.03157894736842104
0.27710843373493976,83,23,83,0,646,False,0.023684210526315752
0.21686746987951808,83,18,83,0,647,False,0.007894736842105177
0.14457831325301204,83,12,83,0,648,False,0.007894736842105177
0.1566265060240964,83,13,83,0,649,False,0.007894736842105177
0.25301204819277107,83,21,83,0,650,False,0.015789473684210464
0.20481927710843373,83,17,83,0,651,False,0.0052631578947367474
0.1566265060240964,83,13,83,0,652,False,-0.0026315789473684292
0.25301204819277107,83,21,83,0,653,False,0.018421052631578894
0.30120481927710846,83,25,83,0,654,False,0.02631578947368418
0.14457831325301204,83,12,83,0,655,False,0.018421052631578894
0.27710843373493976,83,23,83,0,656,False,0.02894736842105261
0.3253012048192771,83,27,83,0,657,False,0.039473684210526216
0.27710843373493976,83,23,83,0,658,False,0.018421052631578894
0.3614457831325301,83,30,83,0,659,False,0.03421052631578947
0.27710843373493976,83,23,83,0,660,False,0.02894736842105261
0.30120481927710846,83,25,83,0,661,False,0.03157894736842104
0.30120481927710846,83,25,83,0,662,False,0.03157894736842104
0.30120481927710846,83,25,83,0,663,False,0.02631578947368418
0.20481927710843373,83,17,83,0,664,False,-0.0026315789473684292
0.1927710843373494,83,16,83,0,665,False,0.0052631578947367474
0.2289156626506024,83,19,83,0,666,False,0.0
0.27710843373493976,83,23,83,0,667,False,0.010526315789473606
0.21686746987951808,83,18,83,0,668,False,0.013157894736842035
0.30120481927710846,83,25,83,0,669,False,0.023684210526315752
0.26506024096385544,83,22,83,0,670,False,0.002631578947368318
0.27710843373493976,83,23,83,0,671,False,0.021052631578947323
0.25301204819277107,83,21,83,0,672,False,0.015789473684210464
0.2289156626506024,83,19,83,0,673,False,0.021052631578947323
0.1686746987951807,83,14,83,0,674,False,0.0
0.1927710843373494,83,16,83,0,675,False,0.007894736842105177
0.1927710843373494,83,16,83,0,676,False,0.0052631578947367474
0.30120481927710846,83,25,83,0,677,False,0.010526315789473606
0.1927710843373494,83,16,83,0,678,False,-0.0026315789473684292
0.26506024096385544,83,22,83,0,679,False,0.013157894736842035
0.27710843373493976,83,23,83,0,680,False,0.018421052631578894
0.1927710843373494,83,16,83,0,681,False,0.0
0.12048192771084337,83,10,83,0,682,False,0.010526315789473606
0.24096385542168675,83,20,83,0,683,False,0.0
0.20481927710843373,83,17,83,0,684,False,0.0052631578947367474
0.24096385542168675,83,20,83,0,685,False,0.007894736842105177
0.3373493975903614,83,28,83,0,686,False,0.021052631578947323
0.24096385542168675,83,20,83,0,687,False,0.010526315789473606
0.27710843373493976,83,23,83,0,688,False,0.010526315789473606
0.27710843373493976,83,23,83,0,689,False,0.013157894736842035
0.25301204819277107,83,21,83,0,690,False,0.0052631578947367474
0.18072289156626506,83,15,83,0,691,False,0.013157894736842035
0.3253012048192771,83,27,83,0,692,False,0.023684210526315752
0.26506024096385544,83,22,83,0,693,False,-0.0052631578947368585
0.30120481927710846,83,25,83,0,694,False,0.007894736842105177
0.2891566265060241,83,24,83,0,695,False,0.0052631578947367474
0.14457831325301204,83,12,83,0,696,False,-0.0026315789473684292
0.2891566265060241,83,24,83,0,697,False,0.007894736842105177
0.26506024096385544,83,22,83,0,698,False,0.0052631578947367474
0.26506024096385544,83,22,83,0,699,False,0.018421052631578894
0.25301204819277107,83,21,83,0,700,False,0.0052631578947367474
0.25301204819277107,83,21,83,0,701,False,0.010526315789473606
0.24096385542168675,83,20,83,0,702,False,0.007894736842105177
0.20481927710843373,83,17,83,0,703,False,-0.0026315789473684292
0.18072289156626506,83,15,83,0,704,False,0.0052631578947367474
0.2289156626506024,83,19,83,0,705,False,0.010526315789473606
0.25301204819277107,83,21,83,0,706,False,0.010526315789473606
0.27710843373493976,83,23,83,0,707,False,0.0052631578947367474
0.3253012048192771,83,27,83,0,708,False,0.015789473684210464
0.20481927710843373,83,17,83,0,709,False,-0.0026315789473684292
0.21686746987951808,83,18,83,0,710,False,0.0
0.18072289156626506,83,15,83,0,711,False,0.002631578947368318
0.24096385542168675,83,20,83,0,712,False,0.002631578947368318
0.20481927710843373,83,17,83,0,713,False,-0.0052631578947368585
0.21686746987951808,83,18,83,0,714,False,0.002631578947368318
0.30120481927710846,83,25,83,0,715,False,0.002631578947368318
0.27710843373493976,83,23,83,0,716,False,0.0
0.3132530120481928,83,26,83,0,717,False,0.010526315789473606
0.14457831325301204,83,12,83,0,718,False,0.002631578947368318
0.2891566265060241,83,24,83,0,719,False,0.018421052631578894
0.3132530120481928,83,26,83,0,720,False,0.013157894736842035
0.1566265060240964,83,13,83,0,721,False,-0.0052631578947368585
0.24096385542168675,83,20,83,0,722,False,0.002631578947368318
0.1927710843373494,83,16,83,0,723,False,-0.0026315789473684292
0.2289156626506024,83,19,83,0,724,False,0.0052631578947367474
0.18072289156626506,83,15,83,0,725,False,0.002631578947368318
0.24096385542168675,83,20,83,0,726,False,-0.0026315789473684292
0.1927710843373494,83,16,83,0,727,False,0.007894736842105177
0.18072289156626506,83,15,83,0,728,False,0.0
0.2289156626506024,83,19,83,0,729,False,0.0052631578947367474
0.21686746987951808,83,18,83,0,730,False,0.0052631578947367474
0.25301204819277107,83,21,83,0,731,False,0.023684210526315752
0.24096385542168675,83,20,83,0,732,False,0.0052631578947367474
0.3253012048192771,83,27,83,0,733,False,0.02631578947368418
0.24096385542168675,83,20,83,0,734,False,0.007894736842105177
0.27710843373493976,83,23,83,0,735,False,0.015789473684210464
0.18072289156626506,83,15,83,0,736,False,0.0052631578947367474
0.20481927710843373,83,17,83,0,737,False,0.007894736842105177
0.18072289156626506,83,15,83,0,738,False,0.010526315789473606
0.20481927710843373,83,17,83,0,739,False,0.013157894736842035
0.2289156626506024,83,19,83,0,740,False,0.021052631578947323
0.1927710843373494,83,16,83,0,741,False,0.0
0.1927710843373494,83,16,83,0,742,False,0.007894736842105177
0.2891566265060241,83,24,83,0,743,False,0.02894736842105261
0.24096385542168675,83,20,83,0,744,False,0.015789473684210464
0.14457831325301204,83,12,83,0,745,False,0.0
0.26506024096385544,83,22,83,0,746,False,0.021052631578947323
0.20481927710843373,83,17,83,0,747,False,0.002631578947368318
0.1927710843373494,83,16,83,0,748,False,0.007894736842105177
0.1566265060240964,83,13,83,0,749,False,0.010526315789473606
0.1566265060240964,83,13,83,0,750,False,0.002631578947368318
0.18072289156626506,83,15,83,0,751,False,0.0
0.1566265060240964,83,13,83,0,752,False,0.010526315789473606
0.3373493975903614,83,28,83,0,753,False,0.0368421052631579
0.2289156626506024,83,19,83,0,754,False,0.010526315789473606
0.26506024096385544,83,22,83,0,755,False,0.010526315789473606
0.3253012048192771,83,27,83,0,756,False,0.039473684210526216
0.1566265060240964,83,13,83,0,757,False,0.007894736842105177
0.21686746987951808,83,18,83,0,758,False,0.007894736842105177
0.1566265060240964,83,13,83,0,759,False,0.0052631578947367474
0.18072289156626506,83,15,83,0,760,False,-0.0052631578947368585
0.1566265060240964,83,13,83,0,761,False,0.010526315789473606
0.13253012048192772,83,11,83,0,762,False,0.018421052631578894
0.1927710843373494,83,16,83,0,763,False,0.0
0.21686746987951808,83,18,83,0,764,False,0.010526315789473606
0.25301204819277107,83,21,83,0,765,False,0.010526315789473606
0.1566265060240964,83,13,83,0,766,False,-0.0026315789473684292
0.21686746987951808,83,18,83,0,767,False,-0.0026315789473684292
0.2289156626506024,83,19,83,0,768,False,0.007894736842105177
0.2289156626506024,83,19,83,0,769,False,0.015789473684210464
0.27710843373493976,83,23,83,0,770,False,0.015789473684210464
0.3614457831325301,83,30,83,0,771,False,0.03421052631578947
0.2891566265060241,83,24,83,0,772,False,0.023684210526315752
0.25301204819277107,83,21,83,0,773,False,0.0052631578947367474
0.27710843373493976,83,23,83,0,774,False,0.021052631578947323
0.20481927710843373,83,17,83,0,775,False,0.002631578947368318
0.1927710843373494,83,16,83,0,776,False,0.018421052631578894
0.2289156626506024,83,19,83,0,777,False,0.02631578947368418
0.2891566265060241,83,24,83,0,778,False,0.023684210526315752
0.2891566265060241,83,24,83,0,779,False,0.03157894736842104
0.20481927710843373,83,17,83,0,780,False,0.010526315789473606
0.3493975903614458,83,29,83,0,781,False,0.02631578947368418
0.27710843373493976,83,23,83,0,782,False,0.015789473684210464
0.25301204819277107,83,21,83,0,783,False,0.018421052631578894
0.14457831325301204,83,12,83,0,784,False,0.010526315789473606
0.26506024096385544,83,22,83,0,785,False,0.023684210526315752
0.20481927710843373,83,17,83,0,786,False,0.002631578947368318
0.24096385542168675,83,20,83,0,787,False,0.018421052631578894
0.25301204819277107,83,21,83,0,788,False,0.018421052631578894
0.2289156626506024,83,19,83,0,789,False,0.010526315789473606
0.27710843373493976,83,23,83,0,790,False,0.02894736842105261
0.1927710843373494,83,16,83,0,791,False,0.002631578947368318
0.25301204819277107,83,21,83,0,792,False,0.010526315789473606
0.21686746987951808,83,18,83,0,793,False,0.010526315789473606
0.25301204819277107,83,21,83,0,794,False,0.013157894736842035
0.24096385542168675,83,20,83,0,795,False,0.013157894736842035
0.1927710843373494,83,16,83,0,796,False,0.010526315789473606
0.20481927710843373,83,17,83,0,797,False,0.0052631578947367474
0.1566265060240964,83,13,83,0,798,False,-0.007894736842105288
0.1686746987951807,83,14,83,0,799,False,0.0
0.2289156626506024,83,19,83,0,800,False,0.015789473684210464
0.27710843373493976,83,23,83,0,801,False,0.015789473684210464
0.20481927710843373,83,17,83,0,802,False,0.0052631578947367474
0.25301204819277107,83,21,83,0,803,False,0.018421052631578894
0.20481927710843373,83,17,83,0,804,False,-0.0026315789473684292
0.2289156626506024,83,19,83,0,805,False,0.013157894736842035
0.27710843373493976,83,23,83,0,806,False,0.023684210526315752
0.25301204819277107,83,21,83,0,807,False,0.013157894736842035
0.3614457831325301,83,30,83,0,808,False,0.044736842105263075
0.21686746987951808,83,18,83,0,809,False,0.010526315789473606
0.25301204819277107,83,21,83,0,810,False,0.02894736842105261
0.13253012048192772,83,11,83,0,811,False,-0.0052631578947368585
0.13253012048192772,83,11,83,0,812,False,0.0052631578947367474
0.25301204819277107,83,21,83,0,813,False,0.002631578947368318
0.1566265060240964,83,13,83,0,814,False,-0.0052631578947368585
0.18072289156626506,83,15,83,0,815,False,0.002631578947368318
0.27710843373493976,83,23,83,0,816,False,0.021052631578947323
0.21686746987951808,83,18,83,0,817,False,0.010526315789473606
0.1566265060240964,83,13,83,0,818,False,-0.013157894736842146
0.1566265060240964,83,13,83,0,819,False,-0.0026315789473684292
0.27710843373493976,83,23,83,0,820,False,0.023684210526315752
0.2289156626506024,83,19,83,0,821,False,0.02894736842105261
0.2289156626506024,83,19,83,0,822,False,0.021052631578947323
0.21686746987951808,83,18,83,0,823,False,0.018421052631578894
0.25301204819277107,83,21,83,0,824,False,0.018421052631578894
0.2289156626506024,83,19,83,0,825,False,0.018421052631578894
0.18072289156626506,83,15,83,0,826,False,0.015789473684210464
0.13253012048192772,83,11,83,0,827,False,0.013157894736842035
0.24096385542168675,83,20,83,0,828,False,0.018421052631578894
0.1686746987951807,83,14,83,0,829,False,0.021052631578947323
0.3373493975903614,83,28,83,0,830,False,0.03421052631578947
0.3132530120481928,83,26,83,0,831,False,0.02631578947368418
0.2289156626506024,83,19,83,0,832,False,0.0052631578947367474
0.2289156626506024,83,19,83,0,833,False,0.010526315789473606
0.20481927710843373,83,17,83,0,834,False,0.010526315789473606
0.25301204819277107,83,21,83,0,835,False,0.010526315789473606
0.1686746987951807,83,14,83,0,836,False,0.010526315789473606
0.1686746987951807,83,14,83,0,837,False,0.0052631578947367474
0.3253012048192771,83,27,83,0,838,False,0.039473684210526216
0.1927710843373494,83,16,83,0,839,False,0.002631578947368318
0.21686746987951808,83,18,83,0,840,False,0.018421052631578894
0.3373493975903614,83,28,83,0,841,False,0.02894736842105261
0.30120481927710846,83,25,83,0,842,False,0.02631578947368418
0.21686746987951808,83,18,83,0,843,False,0.021052631578947323
0.26506024096385544,83,22,83,0,844,False,0.018421052631578894
0.25301204819277107,83,21,83,0,845,False,0.02631578947368418
0.2289156626506024,83,19,83,0,846,False,0.013157894736842035
0.1686746987951807,83,14,83,0,847,False,-0.0026315789473684292
0.1566265060240964,83,13,83,0,848,False,0.002631578947368318
0.1566265060240964,83,13,83,0,849,False,0.002631578947368318
0.20481927710843373,83,17,83,0,850,False,0.007894736842105177
0.26506024096385544,83,22,83,0,851,False,0.023684210526315752
0.18072289156626506,83,15,83,0,852,False,0.0
0.26506024096385544,83,22,83,0,853,False,0.021052631578947323
0.18072289156626506,83,15,83,0,854,False,0.002631578947368318
0.1566265060240964,83,13,83,0,855,False,-0.0026315789473684292
0.2891566265060241,83,24,83,0,856,False,0.02631578947368418
0.18072289156626506,83,15,83,0,857,False,0.002631578947368318
0.2289156626506024,83,19,83,0,858,False,0.010526315789473606
0.20481927710843373,83,17,83,0,859,False,-0.0026315789473684292
0.2891566265060241,83,24,83,0,860,False,0.013157894736842035
0.18072289156626506,83,15,83,0,861,False,-0.007894736842105288
0.1927710843373494,83,16,83,0,862,False,0.0052631578947367474
0.1566265060240964,83,13,83,0,863,False,0.002631578947368318
0.14457831325301204,83,12,83,0,864,False,0.015789473684210464
0.1927710843373494,83,16,83,0,865,False,0.013157894736842035
0.27710843373493976,83,23,83,0,866,False,0.02894736842105261
0.2289156626506024,83,19,83,0,867,False,-0.0026315789473684292
0.20481927710843373,83,17,83,0,868,False,0.002631578947368318
0.2289156626506024,83,19,83,0,869,False,0.007894736842105177
0.18072289156626506,83,15,83,0,870,False,0.002631578947368318
0.1927710843373494,83,16,83,0,871,False,0.007894736842105177
0.2289156626506024,83,19,83,0,872,False,0.010526315789473606
0.27710843373493976,83,23,83,0,873,False,0.021052631578947323
0.1927710843373494,83,16,83,0,874,False,0.0052631578947367474
0.18072289156626506,83,15,83,0,875,False,0.013157894736842035
0.21686746987951808,83,18,83,0,876,False,0.015789473684210464
0.18072289156626506,83,15,83,0,877,False,0.010526315789473606
0.3614457831325301,83,30,83,0,878,False,0.039473684210526216
0.2289156626506024,83,19,83,0,879,False,0.002631578947368318
0.1927710843373494,83,16,83,0,880,False,0.002631578947368318
0.1927710843373494,83,16,83,0,881,False,0.002631578947368318
0.24096385542168675,83,20,83,0,882,False,0.007894736842105177
0.2891566265060241,83,24,83,0,883,False,0.015789473684210464
0.21686746987951808,83,18,83,0,884,False,0.0
0.2289156626506024,83,19,83,0,885,False,-0.0052631578947368585
0.13253012048192772,83,11,83,0,886,False,0.002631578947368318
0.20481927710843373,83,17,83,0,887,False,-0.0052631578947368585
0.24096385542168675,83,20,83,0,888,False,0.002631578947368318
0.1927710843373494,83,16,83,0,889,False,0.007894736842105177
0.2289156626506024,83,19,83,0,890,False,0.0
0.20481927710843373,83,17,83,0,891,False,-0.007894736842105288
0.18072289156626506,83,15,83,0,892,False,0.0
0.14457831325301204,83,12,83,0,893,False,0.0052631578947367474
0.2289156626506024,83,19,83,0,894,False,0.0052631578947367474
0.2289156626506024,83,19,83,0,895,False,0.0052631578947367474
0.24096385542168675,83,20,83,0,896,False,0.0052631578947367474
0.3253012048192771,83,27,83,0,897,False,0.015789473684210464
0.37349397590361444,83,31,83,0,898,False,0.04999999999999993
0.20481927710843373,83,17,83,0,899,False,-0.007894736842105288
0.25301204819277107,83,21,83,0,900,False,0.010526315789473606
0.20481927710843373,83,17,83,0,901,False,0.0052631578947367474
0.1686746987951807,83,14,83,0,902,False,0.02894736842105261
0.1686746987951807,83,14,83,0,903,False,0.021052631578947323
0.2891566265060241,83,24,83,0,904,False,0.010526315789473606
0.2289156626506024,83,19,83,0,905,False,0.0052631578947367474
0.20481927710843373,83,17,83,0,906,False,0.0
0.18072289156626506,83,15,83,0,907,False,0.02894736842105261
0.1686746987951807,83,14,83,0,908,False,0.013157894736842035
0.1686746987951807,83,14,83,0,909,False,0.007894736842105177
0.1686746987951807,83,14,83,0,910,False,-0.0026315789473684292
0.3132530120481928,83,26,83,0,911,False,0.015789473684210464
0.12048192771084337,83,10,83,0,912,False,0.018421052631578894
0.13253012048192772,83,11,83,0,913,False,0.021052631578947323
0.18072289156626506,83,15,83,0,914,False,0.015789473684210464
0.18072289156626506,83,15,83,0,915,False,0.015789473684210464
0.20481927710843373,83,17,83,0,916,False,0.013157894736842035
0.18072289156626506,83,15,83,0,917,False,0.0052631578947367474
0.1686746987951807,83,14,83,0,918,False,0.0052631578947367474
0.21686746987951808,83,18,83,0,919,False,0.007894736842105177
0.1686746987951807,83,14,83,0,920,False,0.007894736842105177
0.3253012048192771,83,27,83,0,921,False,0.03157894736842104
0.1686746987951807,83,14,83,0,922,False,0.010526315789473606
0.20481927710843373,83,17,83,0,923,False,0.013157894736842035
0.1927710843373494,83,16,83,0,924,False,0.002631578947368318
0.1686746987951807,83,14,83,0,925,False,0.002631578947368318
0.1927710843373494,83,16,83,0,926,False,0.002631578947368318
0.21686746987951808,83,18,83,0,927,False,0.013157894736842035
0.1686746987951807,83,14,83,0,928,False,0.0052631578947367474
0.21686746987951808,83,18,83,0,929,False,0.0
0.1927710843373494,83,16,83,0,930,False,0.0052631578947367474
0.24096385542168675,83,20,83,0,931,False,0.015789473684210464
0.14457831325301204,83,12,83,0,932,False,0.021052631578947323
0.26506024096385544,83,22,83,0,933,False,0.015789473684210464
0.20481927710843373,83,17,83,0,934,False,0.018421052631578894
0.20481927710843373,83,17,83,0,935,False,0.018421052631578894
0.26506024096385544,83,22,83,0,936,False,0.013157894736842035
0.18072289156626506,83,15,83,0,937,False,0.018421052631578894
0.30120481927710846,83,25,83,0,938,False,0.02631578947368418
0.20481927710843373,83,17,83,0,939,False,0.013157894736842035
0.18072289156626506,83,15,83,0,940,False,0.015789473684210464
0.1927710843373494,83,16,83,0,941,False,0.007894736842105177
0.27710843373493976,83,23,83,0,942,False,0.015789473684210464
0.2891566265060241,83,24,83,0,943,False,0.021052631578947323
0.26506024096385544,83,22,83,0,944,False,0.021052631578947323
0.2891566265060241,83,24,83,0,945,False,0.03421052631578947
0.26506024096385544,83,22,83,0,946,False,0.023684210526315752
0.21686746987951808,83,18,83,0,947,False,0.0052631578947367474
0.2289156626506024,83,19,83,0,948,False,0.010526315789473606
0.18072289156626506,83,15,83,0,949,False,0.02631578947368418
0.26506024096385544,83,22,83,0,950,False,0.015789473684210464
0.18072289156626506,83,15,83,0,951,False,0.03157894736842104
0.20481927710843373,83,17,83,0,952,False,0.03157894736842104
0.26506024096385544,83,22,83,0,953,False,0.023684210526315752
0.25301204819277107,83,21,83,0,954,False,0.0368421052631579
0.2289156626506024,83,19,83,0,955,False,0.02894736842105261
0.3253012048192771,83,27,83,0,956,False,0.03157894736842104
0.20481927710843373,83,17,83,0,957,False,0.03157894736842104
0.21686746987951808,83,18,83,0,958,False,0.023684210526315752
0.1686746987951807,83,14,83,0,959,False,0.021052631578947323
0.20481927710843373,83,17,83,0,960,False,0.007894736842105177
0.1927710843373494,83,16,83,0,961,False,0.010526315789473606
0.2289156626506024,83,19,83,0,962,False,0.010526315789473606
0.21686746987951808,83,18,83,0,963,False,0.007894736842105177
0.1566265060240964,83,13,83,0,964,False,0.02631578947368418
0.1686746987951807,83,14,83,0,965,False,0.013157894736842035
0.25301204819277107,83,21,83,0,966,False,0.010526315789473606
0.26506024096385544,83,22,83,0,967,False,0.018421052631578894
0.1927710843373494,83,16,83,0,968,False,0.002631578947368318
0.21686746987951808,83,18,83,0,969,False,0.015789473684210464
0.21686746987951808,83,18,83,0,970,False,0.010526315789473606
0.27710843373493976,83,23,83,0,971,False,0.010526315789473606
0.14457831325301204,83,12,83,0,972,False,0.010526315789473606
0.3253012048192771,83,27,83,0,973,False,0.018421052631578894
0.26506024096385544,83,22,83,0,974,False,0.0052631578947367474
0.18072289156626506,83,15,83,0,975,False,0.02631578947368418
0.2289156626506024,83,19,83,0,976,False,0.03157894736842104
0.3373493975903614,83,28,83,0,977,False,0.039473684210526216
0.30120481927710846,83,25,83,0,978,False,0.023684210526315752
0.1686746987951807,83,14,83,0,979,False,0.021052631578947323
0.24096385542168675,83,20,83,0,980,False,0.018421052631578894
0.1927710843373494,83,16,83,0,981,False,0.023684210526315752
0.25301204819277107,83,21,83,0,982,False,0.0052631578947367474
0.1927710843373494,83,16,83,0,983,False,0.007894736842105177
0.27710843373493976,83,23,83,0,984,False,0.021052631578947323
0.27710843373493976,83,23,83,0,985,False,0.013157894736842035
0.25301204819277107,83,21,83,0,986,False,0.010526315789473606
0.20481927710843373,83,17,83,0,987,False,0.0
0.1927710843373494,83,16,83,0,988,False,0.007894736842105177
0.1686746987951807,83,14,83,0,989,False,0.010526315789473606
0.24096385542168675,83,20,83,0,990,False,0.015789473684210464
0.27710843373493976,83,23,83,0,991,False,0.02631578947368418
0.26506024096385544,83,22,83,0,992,False,0.02631578947368418
0.1927710843373494,83,16,83,0,993,False,0.018421052631578894
0.24096385542168675,83,20,83,0,994,False,0.0052631578947367474
0.24096385542168675,83,20,83,0,995,False,-0.0052631578947368585
0.21686746987951808,83,18,83,0,996,False,0.018421052631578894
0.21686746987951808,83,18,83,0,997,False,0.015789473684210464
0.27710843373493976,83,23,83,0,998,False,0.0
0.1566265060240964,83,13,83,0,999,False,0.0052631578947367474
