accuracy,precision,recall,f1,round,attack_active
0.7315789473684211,0.7972972972972973,0.6210526315789474,0.6982248520710059,0,False
0.7842105263157895,0.86,0.6789473684210526,0.7588235294117647,1,False
0.7973684210526316,0.8265895953757225,0.7526315789473684,0.7878787878787878,2,False
0.7710526315789473,0.9327731092436975,0.5842105263157895,0.7184466019417476,3,False
0.8,0.9191176470588235,0.6578947368421053,0.7668711656441718,4,False
0.8052631578947368,0.8372093023255814,0.7578947368421053,0.7955801104972375,5,False
0.7868421052631579,0.943089430894309,0.6105263157894737,0.7412140575079872,6,False
0.7552631578947369,0.9292035398230089,0.5526315789473685,0.693069306930693,7,False
0.781578947368421,0.7465437788018433,0.8526315789473684,0.7960687960687961,8,False
0.7894736842105263,0.7777777777777778,0.8105263157894737,0.7938144329896907,9,False
0.7921052631578948,0.7846153846153846,0.8052631578947368,0.7948051948051948,10,False
0.7657894736842106,0.9469026548672567,0.5631578947368421,0.7062706270627063,11,False
0.8026315789473685,0.852760736196319,0.7315789473684211,0.7875354107648725,12,False
0.7736842105263158,0.9126984126984127,0.6052631578947368,0.7278481012658228,13,False
0.8210526315789474,0.9066666666666666,0.7157894736842105,0.8,14,False
0.8157894736842105,0.8846153846153846,0.7263157894736842,0.7976878612716763,15,False
0.7394736842105263,0.9174311926605505,0.5263157894736842,0.6688963210702341,16,False
0.7368421052631579,0.95,0.5,0.6551724137931034,17,False
0.8131578947368421,0.847953216374269,0.7631578947368421,0.8033240997229917,18,False
0.7973684210526316,0.9185185185185185,0.6526315789473685,0.7630769230769231,19,False
0.8,0.8904109589041096,0.6842105263157895,0.7738095238095238,20,False
0.8131578947368421,0.9541984732824428,0.6578947368421053,0.778816199376947,21,False
0.8026315789473685,0.9136690647482014,0.6684210526315789,0.7720364741641338,22,False
0.7736842105263158,0.76,0.8,0.7794871794871795,23,False
0.7894736842105263,0.8525641025641025,0.7,0.7687861271676301,24,False
0.7921052631578948,0.7967914438502673,0.7842105263157895,0.7904509283819628,25,False
0.7473684210526316,0.9196428571428571,0.5421052631578948,0.6821192052980133,26,False
0.7736842105263158,0.7680412371134021,0.7842105263157895,0.7760416666666666,27,False
0.7894736842105263,0.8160919540229885,0.7473684210526316,0.7802197802197802,28,False
0.7447368421052631,0.926605504587156,0.531578947368421,0.6755852842809364,29,False
0.7578947368421053,0.8888888888888888,0.5894736842105263,0.7088607594936709,30,False
0.8078947368421052,0.8823529411764706,0.7105263157894737,0.7871720116618076,31,False
0.781578947368421,0.7316017316017316,0.8894736842105263,0.8028503562945368,32,False
0.8184210526315789,0.8235294117647058,0.8105263157894737,0.8169761273209549,33,False
0.7947368421052632,0.8835616438356164,0.6789473684210526,0.7678571428571429,34,False
0.7973684210526316,0.7897435897435897,0.8105263157894737,0.8,35,False
0.8026315789473685,0.8616352201257862,0.7210526315789474,0.7851002865329513,36,False
0.7657894736842106,0.7244444444444444,0.8578947368421053,0.7855421686746988,37,False
0.7894736842105263,0.9044117647058824,0.6473684210526316,0.754601226993865,38,False
0.8026315789473685,0.8662420382165605,0.7157894736842105,0.7838616714697406,39,False
0.7921052631578948,0.7581395348837209,0.8578947368421053,0.8049382716049382,40,False
0.7921052631578948,0.7681159420289855,0.8368421052631579,0.801007556675063,41,False
0.7421052631578947,0.9339622641509434,0.5210526315789473,0.668918918918919,42,False
0.7973684210526316,0.798941798941799,0.7947368421052632,0.7968337730870713,43,False
0.8052631578947368,0.79,0.8315789473684211,0.8102564102564103,44,False
0.7736842105263158,0.7476190476190476,0.8263157894736842,0.785,45,False
0.8,0.8313953488372093,0.7526315789473684,0.7900552486187845,46,False
0.7973684210526316,0.8791946308724832,0.6894736842105263,0.7728613569321534,47,False
0.7421052631578947,0.9509803921568627,0.5105263157894737,0.6643835616438356,48,False
0.8052631578947368,0.881578947368421,0.7052631578947368,0.783625730994152,49,False
0.7684210526315789,0.9047619047619048,0.6,0.7215189873417721,50,True
0.8105263157894737,0.8831168831168831,0.7157894736842105,0.7906976744186046,51,False
0.7973684210526316,0.8598726114649682,0.7105263157894737,0.7780979827089337,52,False
0.7368421052631579,0.9166666666666666,0.5210526315789473,0.6644295302013423,53,True
0.7394736842105263,0.9789473684210527,0.48947368421052634,0.6526315789473685,54,False
0.7526315789473684,0.9363636363636364,0.5421052631578948,0.6866666666666666,55,False
0.7631578947368421,0.852112676056338,0.6368421052631579,0.7289156626506024,56,True
0.7131578947368421,0.9879518072289156,0.43157894736842106,0.6007326007326007,57,False
0.7842105263157895,0.8802816901408451,0.6578947368421053,0.7530120481927711,58,False
0.7973684210526316,0.864516129032258,0.7052631578947368,0.7768115942028986,59,True
0.7868421052631579,0.8758620689655172,0.6684210526315789,0.7582089552238805,60,False
0.8052631578947368,0.8372093023255814,0.7578947368421053,0.7955801104972375,61,False
0.7736842105263158,0.9193548387096774,0.6,0.7261146496815286,62,True
0.7684210526315789,0.8984375,0.6052631578947368,0.7232704402515723,63,False
0.7842105263157895,0.9029850746268657,0.6368421052631579,0.7469135802469136,64,False
0.7368421052631579,0.9326923076923077,0.5105263157894737,0.6598639455782312,65,True
0.8,0.8475609756097561,0.7315789473684211,0.7853107344632768,66,False
0.8026315789473685,0.8484848484848485,0.7368421052631579,0.7887323943661971,67,False
0.8078947368421052,0.8502994011976048,0.7473684210526316,0.7955182072829131,68,True
0.8078947368421052,0.8461538461538461,0.7526315789473684,0.7966573816155988,69,False
0.8210526315789474,0.8465909090909091,0.7842105263157895,0.8142076502732241,70,False
0.8026315789473685,0.844311377245509,0.7421052631578947,0.7899159663865546,71,True
0.7236842105263158,0.9775280898876404,0.45789473684210524,0.6236559139784946,72,False
0.7921052631578948,0.8936170212765957,0.6631578947368421,0.7613293051359517,73,False
0.7631578947368421,0.9464285714285714,0.5578947368421052,0.7019867549668874,74,True
0.781578947368421,0.9212598425196851,0.6157894736842106,0.7381703470031545,75,False
0.7842105263157895,0.9029850746268657,0.6368421052631579,0.7469135802469136,76,False
0.8,0.7878787878787878,0.8210526315789474,0.8041237113402062,77,True
0.8210526315789474,0.8465909090909091,0.7842105263157895,0.8142076502732241,78,False
0.8289473684210527,0.8698224852071006,0.7736842105263158,0.8189415041782729,79,False
0.8,0.8238636363636364,0.7631578947368421,0.7923497267759563,80,False
0.8026315789473685,0.7889447236180904,0.8263157894736842,0.8071979434447301,81,False
0.8157894736842105,0.8448275862068966,0.7736842105263158,0.8076923076923077,82,False
0.8105263157894737,0.8986486486486487,0.7,0.7869822485207101,83,False
0.7921052631578948,0.7846153846153846,0.8052631578947368,0.7948051948051948,84,False
0.8026315789473685,0.9136690647482014,0.6684210526315789,0.7720364741641338,85,False
0.7842105263157895,0.7288135593220338,0.9052631578947369,0.8075117370892019,86,False
0.8131578947368421,0.825136612021858,0.7947368421052632,0.8096514745308311,87,False
0.7921052631578948,0.9172932330827067,0.6421052631578947,0.7554179566563467,88,False
0.8052631578947368,0.7843137254901961,0.8421052631578947,0.8121827411167513,89,False
0.7868421052631579,0.7632850241545893,0.8315789473684211,0.7959697732997482,90,False
0.7921052631578948,0.8775510204081632,0.6789473684210526,0.7655786350148368,91,False
0.7973684210526316,0.8265895953757225,0.7526315789473684,0.7878787878787878,92,False
0.8,0.7766990291262136,0.8421052631578947,0.8080808080808081,93,False
0.7657894736842106,0.904,0.5947368421052631,0.7174603174603175,94,False
0.7868421052631579,0.7658536585365854,0.8263157894736842,0.7949367088607595,95,False
0.7105263157894737,0.644927536231884,0.9368421052631579,0.7639484978540773,96,False
0.8131578947368421,0.8993288590604027,0.7052631578947368,0.7905604719764012,97,False
0.7973684210526316,0.8896551724137931,0.6789473684210526,0.7701492537313432,98,False
0.7736842105263158,0.7653061224489796,0.7894736842105263,0.7772020725388601,99,False
0.7736842105263158,0.7988505747126436,0.7315789473684211,0.7637362637362637,100,False
0.7236842105263158,0.9381443298969072,0.4789473684210526,0.6341463414634146,101,False
0.7657894736842106,0.7095435684647303,0.9,0.7935034802784223,102,False
0.7921052631578948,0.7707317073170732,0.8315789473684211,0.8,103,False
0.7921052631578948,0.7875647668393783,0.8,0.793733681462141,104,False
0.7789473684210526,0.8533333333333334,0.6736842105263158,0.7529411764705882,105,False
0.7947368421052632,0.7666666666666667,0.8473684210526315,0.805,106,False
0.8078947368421052,0.8874172185430463,0.7052631578947368,0.7859237536656891,107,False
0.7657894736842106,0.7205240174672489,0.868421052631579,0.7875894988066826,108,False
0.7842105263157895,0.7934782608695652,0.7684210526315789,0.7807486631016043,109,False
0.7447368421052631,0.9043478260869565,0.5473684210526316,0.6819672131147541,110,False
0.7842105263157895,0.77,0.8105263157894737,0.7897435897435897,111,False
0.781578947368421,0.8848920863309353,0.6473684210526316,0.7477203647416414,112,False
0.8210526315789474,0.8588235294117647,0.7684210526315789,0.8111111111111111,113,False
0.7894736842105263,0.7455357142857143,0.8789473684210526,0.8067632850241546,114,False
0.7868421052631579,0.8562091503267973,0.6894736842105263,0.7638483965014577,115,False
0.781578947368421,0.8794326241134752,0.6526315789473685,0.7492447129909365,116,False
0.7947368421052632,0.7641509433962265,0.8526315789473684,0.8059701492537313,117,False
0.7868421052631579,0.8978102189781022,0.6473684210526316,0.7522935779816514,118,False
0.7921052631578948,0.8363636363636363,0.7263157894736842,0.7774647887323943,119,False
0.7684210526315789,0.8541666666666666,0.6473684210526316,0.7365269461077845,120,False
0.7447368421052631,0.9345794392523364,0.5263157894736842,0.6734006734006734,121,False
0.7921052631578948,0.7761194029850746,0.8210526315789474,0.7979539641943734,122,False
0.7894736842105263,0.7669902912621359,0.8315789473684211,0.797979797979798,123,False
0.75,0.9130434782608695,0.5526315789473685,0.6885245901639344,124,False
0.7789473684210526,0.7548076923076923,0.8263157894736842,0.7889447236180904,125,False
0.7736842105263158,0.7184873949579832,0.9,0.7990654205607477,126,False
0.7894736842105263,0.8767123287671232,0.6736842105263158,0.7619047619047619,127,False
0.8052631578947368,0.8295454545454546,0.7684210526315789,0.7978142076502732,128,False
0.7973684210526316,0.8383233532934131,0.7368421052631579,0.7843137254901961,129,False
0.8,0.8238636363636364,0.7631578947368421,0.7923497267759563,130,False
0.8026315789473685,0.8212290502793296,0.7736842105263158,0.7967479674796748,131,False
0.7631578947368421,0.8787878787878788,0.6105263157894737,0.7204968944099379,132,False
0.8078947368421052,0.838150289017341,0.7631578947368421,0.7988980716253443,133,False
0.7921052631578948,0.7788944723618091,0.8157894736842105,0.7969151670951157,134,False
0.8026315789473685,0.8571428571428571,0.7263157894736842,0.7863247863247863,135,False
0.7947368421052632,0.7522522522522522,0.8789473684210526,0.8106796116504854,136,False
0.7842105263157895,0.8506493506493507,0.6894736842105263,0.7616279069767442,137,False
0.7921052631578948,0.9172932330827067,0.6421052631578947,0.7554179566563467,138,False
0.7947368421052632,0.788659793814433,0.8052631578947368,0.796875,139,False
0.7868421052631579,0.8865248226950354,0.6578947368421053,0.7552870090634441,140,False
0.7605263157894737,0.9304347826086956,0.5631578947368421,0.7016393442622951,141,False
0.7894736842105263,0.7894736842105263,0.7894736842105263,0.7894736842105263,142,False
0.7842105263157895,0.7523364485981309,0.8473684210526315,0.7970297029702971,143,False
0.781578947368421,0.8322981366459627,0.7052631578947368,0.7635327635327636,144,False
0.7894736842105263,0.7777777777777778,0.8105263157894737,0.7938144329896907,145,False
0.7842105263157895,0.7673267326732673,0.8157894736842105,0.7908163265306123,146,False
0.7947368421052632,0.7592592592592593,0.8631578947368421,0.8078817733990148,147,False
0.7947368421052632,0.8636363636363636,0.7,0.7732558139534884,148,False
0.7657894736842106,0.7205240174672489,0.868421052631579,0.7875894988066826,149,False
0.7894736842105263,0.7925531914893617,0.7842105263157895,0.7883597883597884,150,False
0.7684210526315789,0.7712765957446809,0.7631578947368421,0.7671957671957672,151,False
0.7789473684210526,0.7623762376237624,0.8105263157894737,0.7857142857142857,152,False
0.7921052631578948,0.8404907975460123,0.7210526315789474,0.7762039660056658,153,False
0.7842105263157895,0.9153846153846154,0.6263157894736842,0.74375,154,False
0.7921052631578948,0.8404907975460123,0.7210526315789474,0.7762039660056658,155,False
0.7868421052631579,0.815028901734104,0.7421052631578947,0.7768595041322314,156,False
0.7973684210526316,0.8741721854304636,0.6947368421052632,0.7741935483870968,157,False
0.7973684210526316,0.8087431693989071,0.7789473684210526,0.7935656836461126,158,False
0.7973684210526316,0.869281045751634,0.7,0.7755102040816326,159,False
0.781578947368421,0.7316017316017316,0.8894736842105263,0.8028503562945368,160,False
0.7894736842105263,0.75,0.868421052631579,0.8048780487804879,161,False
0.8078947368421052,0.8421052631578947,0.7578947368421053,0.7977839335180056,162,False
0.7894736842105263,0.8197674418604651,0.7421052631578947,0.7790055248618785,163,False
0.7789473684210526,0.8785714285714286,0.6473684210526316,0.7454545454545455,164,False
0.7868421052631579,0.8865248226950354,0.6578947368421053,0.7552870090634441,165,False
0.8026315789473685,0.8010471204188482,0.8052631578947368,0.8031496062992126,166,False
0.781578947368421,0.8451612903225807,0.6894736842105263,0.7594202898550725,167,False
0.7973684210526316,0.869281045751634,0.7,0.7755102040816326,168,False
0.8026315789473685,0.844311377245509,0.7421052631578947,0.7899159663865546,169,False
0.8078947368421052,0.903448275862069,0.6894736842105263,0.7820895522388059,170,False
0.8184210526315789,0.8418079096045198,0.7842105263157895,0.8119891008174387,171,False
0.8026315789473685,0.7625570776255708,0.8789473684210526,0.8166259168704156,172,False
0.8052631578947368,0.8333333333333334,0.7631578947368421,0.7967032967032966,173,False
0.8026315789473685,0.8074866310160428,0.7947368421052632,0.8010610079575596,174,False
0.8052631578947368,0.8052631578947368,0.8052631578947368,0.8052631578947368,175,False
0.7947368421052632,0.7477876106194691,0.8894736842105263,0.8125,176,False
0.7894736842105263,0.8873239436619719,0.6631578947368421,0.7590361445783133,177,False
0.7947368421052632,0.8636363636363636,0.7,0.7732558139534884,178,False
0.8,0.8031914893617021,0.7947368421052632,0.798941798941799,179,False
0.7605263157894737,0.9541284403669725,0.5473684210526316,0.6956521739130435,180,False
0.8,0.8064516129032258,0.7894736842105263,0.7978723404255319,181,False
0.7789473684210526,0.8486842105263158,0.6789473684210526,0.7543859649122807,182,False
0.7657894736842106,0.8854961832061069,0.6105263157894737,0.7227414330218068,183,False
0.781578947368421,0.8590604026845637,0.6736842105263158,0.7551622418879056,184,False
0.7921052631578948,0.7875647668393783,0.8,0.793733681462141,185,False
0.7894736842105263,0.8125,0.7526315789473684,0.7814207650273224,186,False
0.781578947368421,0.8639455782312925,0.6684210526315789,0.7537091988130564,187,False
0.7921052631578948,0.8,0.7789473684210526,0.7893333333333333,188,False
0.7736842105263158,0.9,0.6157894736842106,0.73125,189,False
0.7789473684210526,0.8192771084337349,0.7157894736842105,0.7640449438202247,190,False
0.8105263157894737,0.8277777777777777,0.7842105263157895,0.8054054054054054,191,False
0.7631578947368421,0.9166666666666666,0.5789473684210527,0.7096774193548387,192,False
0.7868421052631579,0.8920863309352518,0.6526315789473685,0.7537993920972644,193,False
0.7631578947368421,0.7688172043010753,0.7526315789473684,0.7606382978723404,194,False
0.781578947368421,0.8057142857142857,0.7421052631578947,0.7726027397260274,195,False
0.7605263157894737,0.7928994082840237,0.7052631578947368,0.7465181058495822,196,False
0.7921052631578948,0.7707317073170732,0.8315789473684211,0.8,197,False
0.7763157894736842,0.8260869565217391,0.7,0.7578347578347578,198,False
0.7868421052631579,0.8044692737430168,0.7578947368421053,0.7804878048780488,199,False
0.7789473684210526,0.7731958762886598,0.7894736842105263,0.78125,200,False
0.7552631578947369,0.9008264462809917,0.5736842105263158,0.7009646302250804,201,False
0.7552631578947369,0.9292035398230089,0.5526315789473685,0.693069306930693,202,False
0.7710526315789473,0.9256198347107438,0.5894736842105263,0.7202572347266881,203,False
0.7868421052631579,0.9224806201550387,0.6263157894736842,0.7460815047021944,204,False
0.7894736842105263,0.8716216216216216,0.6789473684210526,0.7633136094674556,205,False
0.7868421052631579,0.7534883720930232,0.8526315789473684,0.8,206,False
0.7736842105263158,0.7988505747126436,0.7315789473684211,0.7637362637362637,207,False
0.781578947368421,0.7442922374429224,0.8578947368421053,0.7970660146699267,208,False
0.7868421052631579,0.8562091503267973,0.6894736842105263,0.7638483965014577,209,False
0.7684210526315789,0.7684210526315789,0.7684210526315789,0.7684210526315789,210,False
0.7605263157894737,0.7239819004524887,0.8421052631578947,0.7785888077858881,211,False
0.7921052631578948,0.8032786885245902,0.7736842105263158,0.7882037533512064,212,False
0.7842105263157895,0.7903225806451613,0.7736842105263158,0.7819148936170213,213,False
0.7921052631578948,0.8627450980392157,0.6947368421052632,0.7696793002915452,214,False
0.7947368421052632,0.8733333333333333,0.6894736842105263,0.7705882352941177,215,False
0.7605263157894737,0.896,0.5894736842105263,0.7111111111111111,216,False
0.7789473684210526,0.8081395348837209,0.7315789473684211,0.7679558011049724,217,False
0.7421052631578947,0.9181818181818182,0.531578947368421,0.6733333333333333,218,False
0.7736842105263158,0.8513513513513513,0.6631578947368421,0.7455621301775148,219,False
0.7842105263157895,0.8333333333333334,0.7105263157894737,0.7670454545454546,220,False
0.7631578947368421,0.808641975308642,0.6894736842105263,0.7443181818181818,221,False
0.781578947368421,0.8543046357615894,0.6789473684210526,0.7565982404692082,222,False
0.7736842105263158,0.8132530120481928,0.7105263157894737,0.7584269662921348,223,False
0.7605263157894737,0.8837209302325582,0.6,0.7147335423197492,224,False
0.8,0.8275862068965517,0.7578947368421053,0.7912087912087912,225,False
0.7657894736842106,0.8914728682170543,0.6052631578947368,0.7210031347962382,226,False
0.7789473684210526,0.8533333333333334,0.6736842105263158,0.7529411764705882,227,False
0.7763157894736842,0.8776978417266187,0.6421052631578947,0.7416413373860182,228,False
0.8,0.785,0.8263157894736842,0.8051282051282052,229,False
0.7973684210526316,0.8054054054054054,0.7842105263157895,0.7946666666666666,230,False
0.8,0.88,0.6947368421052632,0.7764705882352941,231,False
0.781578947368421,0.8203592814371258,0.7210526315789474,0.7675070028011205,232,False
0.7894736842105263,0.8716216216216216,0.6789473684210526,0.7633136094674556,233,False
0.7605263157894737,0.9380530973451328,0.5578947368421052,0.6996699669966997,234,False
0.7789473684210526,0.8117647058823529,0.7263157894736842,0.7666666666666667,235,False
0.7921052631578948,0.84472049689441,0.7157894736842105,0.7749287749287749,236,False
0.7842105263157895,0.7477064220183486,0.8578947368421053,0.7990196078431373,237,False
0.7868421052631579,0.8471337579617835,0.7,0.7665706051873199,238,False
0.7921052631578948,0.8245614035087719,0.7421052631578947,0.7811634349030471,239,False
0.7842105263157895,0.875,0.6631578947368421,0.7544910179640718,240,False
0.7973684210526316,0.7897435897435897,0.8105263157894737,0.8,241,False
0.7921052631578948,0.8100558659217877,0.7631578947368421,0.7859078590785907,242,False
0.8105263157894737,0.8352272727272727,0.7736842105263158,0.8032786885245902,243,False
0.8078947368421052,0.8232044198895028,0.7842105263157895,0.8032345013477089,244,False
0.8,0.8433734939759037,0.7368421052631579,0.7865168539325843,245,False
0.8078947368421052,0.7881773399014779,0.8421052631578947,0.8142493638676844,246,False
0.8026315789473685,0.8042328042328042,0.8,0.8021108179419525,247,False
0.7947368421052632,0.788659793814433,0.8052631578947368,0.796875,248,False
0.7868421052631579,0.7738693467336684,0.8105263157894737,0.7917737789203085,249,False
0.8,0.85625,0.7210526315789474,0.7828571428571428,250,False
0.7947368421052632,0.8111111111111111,0.7684210526315789,0.7891891891891892,251,False
0.8078947368421052,0.8502994011976048,0.7473684210526316,0.7955182072829131,252,False
0.7973684210526316,0.7652582159624414,0.8578947368421053,0.8089330024813896,253,False
0.7842105263157895,0.7727272727272727,0.8052631578947368,0.788659793814433,254,False
0.7894736842105263,0.7806122448979592,0.8052631578947368,0.7927461139896373,255,False
0.8052631578947368,0.8372093023255814,0.7578947368421053,0.7955801104972375,256,False
0.8105263157894737,0.8314606741573034,0.7789473684210526,0.8043478260869565,257,False
0.8,0.8851351351351351,0.6894736842105263,0.7751479289940828,258,False
0.7947368421052632,0.7978723404255319,0.7894736842105263,0.7936507936507936,259,False
0.7868421052631579,0.8224852071005917,0.7315789473684211,0.7743732590529248,260,False
0.7868421052631579,0.7738693467336684,0.8105263157894737,0.7917737789203085,261,False
0.7684210526315789,0.925,0.5842105263157895,0.7161290322580646,262,False
0.7973684210526316,0.8265895953757225,0.7526315789473684,0.7878787878787878,263,False
0.8078947368421052,0.819672131147541,0.7894736842105263,0.8042895442359249,264,False
0.8078947368421052,0.8633540372670807,0.7315789473684211,0.792022792022792,265,False
0.8105263157894737,0.7757009345794392,0.8736842105263158,0.8217821782178217,266,False
0.7947368421052632,0.8589743589743589,0.7052631578947368,0.7745664739884393,267,False
0.8052631578947368,0.8766233766233766,0.7105263157894737,0.7848837209302325,268,False
0.8078947368421052,0.8031088082901554,0.8157894736842105,0.8093994778067886,269,False
0.8,0.88,0.6947368421052632,0.7764705882352941,270,False
0.8078947368421052,0.8502994011976048,0.7473684210526316,0.7955182072829131,271,False
0.7710526315789473,0.8992248062015504,0.6105263157894737,0.7272727272727273,272,False
0.8078947368421052,0.8268156424581006,0.7789473684210526,0.8021680216802168,273,False
0.8157894736842105,0.8333333333333334,0.7894736842105263,0.8108108108108109,274,False
0.8026315789473685,0.7948717948717948,0.8157894736842105,0.8051948051948052,275,False
0.7736842105263158,0.8768115942028986,0.6368421052631579,0.7378048780487805,276,False
0.7973684210526316,0.8598726114649682,0.7105263157894737,0.7780979827089337,277,False
0.7789473684210526,0.9015151515151515,0.6263157894736842,0.7391304347826086,278,False
0.8078947368421052,0.8095238095238095,0.8052631578947368,0.8073878627968337,279,False
0.7578947368421053,0.7024793388429752,0.8947368421052632,0.7870370370370371,280,False
0.8105263157894737,0.8554216867469879,0.7473684210526316,0.797752808988764,281,False
0.7973684210526316,0.8156424581005587,0.7684210526315789,0.7913279132791328,282,False
0.7657894736842106,0.7130801687763713,0.8894736842105263,0.7915690866510539,283,False
0.7894736842105263,0.7894736842105263,0.7894736842105263,0.7894736842105263,284,False
0.7973684210526316,0.8741721854304636,0.6947368421052632,0.7741935483870968,285,False
0.8052631578947368,0.8536585365853658,0.7368421052631579,0.7909604519774012,286,False
0.8,0.7821782178217822,0.8315789473684211,0.8061224489795918,287,False
0.7921052631578948,0.7788944723618091,0.8157894736842105,0.7969151670951157,288,False
0.8026315789473685,0.8248587570621468,0.7684210526315789,0.7956403269754768,289,False
0.8,0.759090909090909,0.8789473684210526,0.8146341463414634,290,False
0.7842105263157895,0.8033707865168539,0.7526315789473684,0.7771739130434783,291,False
0.7921052631578948,0.8032786885245902,0.7736842105263158,0.7882037533512064,292,False
0.781578947368421,0.7442922374429224,0.8578947368421053,0.7970660146699267,293,False
0.7710526315789473,0.7724867724867724,0.7684210526315789,0.7704485488126649,294,False
0.8052631578947368,0.8536585365853658,0.7368421052631579,0.7909604519774012,295,False
0.7763157894736842,0.772020725388601,0.7842105263157895,0.7780678851174935,296,False
0.7789473684210526,0.740909090909091,0.8578947368421053,0.7951219512195122,297,False
0.7947368421052632,0.7772277227722773,0.8263157894736842,0.8010204081632653,298,False
0.781578947368421,0.8496732026143791,0.6842105263157895,0.7580174927113703,299,False
0.7763157894736842,0.8571428571428571,0.6631578947368421,0.7477744807121661,300,False
0.7868421052631579,0.8471337579617835,0.7,0.7665706051873199,301,False
0.7894736842105263,0.7722772277227723,0.8210526315789474,0.7959183673469388,302,False
0.7921052631578948,0.8,0.7789473684210526,0.7893333333333333,303,False
0.7736842105263158,0.7653061224489796,0.7894736842105263,0.7772020725388601,304,False
0.8052631578947368,0.8411764705882353,0.7526315789473684,0.7944444444444444,305,False
0.8078947368421052,0.8128342245989305,0.8,0.8063660477453581,306,False
0.8,0.8653846153846154,0.7105263157894737,0.7803468208092486,307,False
0.8,0.8031914893617021,0.7947368421052632,0.798941798941799,308,False
0.7921052631578948,0.8627450980392157,0.6947368421052632,0.7696793002915452,309,False
0.7947368421052632,0.8589743589743589,0.7052631578947368,0.7745664739884393,310,False
0.7921052631578948,0.8032786885245902,0.7736842105263158,0.7882037533512064,311,False
0.7842105263157895,0.7783505154639175,0.7947368421052632,0.7864583333333334,312,False
0.7947368421052632,0.8414634146341463,0.7263157894736842,0.7796610169491526,313,False
0.8026315789473685,0.8807947019867549,0.7,0.7800586510263929,314,False
0.8,0.8701298701298701,0.7052631578947368,0.7790697674418605,315,False
0.8026315789473685,0.8176795580110497,0.7789473684210526,0.7978436657681941,316,False
0.7631578947368421,0.7136752136752137,0.8789473684210526,0.7877358490566038,317,False
0.7526315789473684,0.9,0.5684210526315789,0.6967741935483871,318,False
0.7763157894736842,0.847682119205298,0.6736842105263158,0.750733137829912,319,False
0.7789473684210526,0.83125,0.7,0.76,320,False
0.7657894736842106,0.8686131386861314,0.6263157894736842,0.72782874617737,321,False
0.8,0.8475609756097561,0.7315789473684211,0.7853107344632768,322,False
0.8078947368421052,0.8305084745762712,0.7736842105263158,0.8010899182561307,323,False
0.781578947368421,0.8905109489051095,0.6421052631578947,0.746177370030581,324,False
0.781578947368421,0.7488372093023256,0.8473684210526315,0.7950617283950617,325,False
0.781578947368421,0.7715736040609137,0.8,0.7855297157622739,326,False
0.8,0.8131868131868132,0.7789473684210526,0.7956989247311828,327,False
0.8,0.8097826086956522,0.7842105263157895,0.7967914438502673,328,False
0.7789473684210526,0.7387387387387387,0.8631578947368421,0.7961165048543689,329,False
0.7947368421052632,0.8218390804597702,0.7526315789473684,0.7857142857142857,330,False
0.7921052631578948,0.8580645161290322,0.7,0.7710144927536232,331,False
0.8105263157894737,0.8430232558139535,0.7631578947368421,0.8011049723756906,332,False
0.7894736842105263,0.8666666666666667,0.6842105263157895,0.7647058823529411,333,False
0.8,0.8275862068965517,0.7578947368421053,0.7912087912087912,334,False
0.7973684210526316,0.8466257668711656,0.7263157894736842,0.7818696883852692,335,False
0.8052631578947368,0.8152173913043478,0.7894736842105263,0.8021390374331551,336,False
0.8,0.7938144329896907,0.8105263157894737,0.8020833333333334,337,False
0.8052631578947368,0.8452380952380952,0.7473684210526316,0.7932960893854749,338,False
0.7868421052631579,0.8865248226950354,0.6578947368421053,0.7552870090634441,339,False
0.7868421052631579,0.8609271523178808,0.6842105263157895,0.7624633431085044,340,False
0.7921052631578948,0.8363636363636363,0.7263157894736842,0.7774647887323943,341,False
0.8105263157894737,0.8105263157894737,0.8105263157894737,0.8105263157894737,342,False
0.8078947368421052,0.8502994011976048,0.7473684210526316,0.7955182072829131,343,False
0.7868421052631579,0.7632850241545893,0.8315789473684211,0.7959697732997482,344,False
0.8052631578947368,0.8918918918918919,0.6947368421052632,0.7810650887573964,345,False
0.7894736842105263,0.8235294117647058,0.7368421052631579,0.7777777777777778,346,False
0.7842105263157895,0.8913043478260869,0.6473684210526316,0.75,347,False
0.8105263157894737,0.8072916666666666,0.8157894736842105,0.8115183246073299,348,False
0.8052631578947368,0.8186813186813187,0.7842105263157895,0.8010752688172043,349,False
0.7894736842105263,0.8089887640449438,0.7578947368421053,0.782608695652174,350,False
0.7710526315789473,0.8872180451127819,0.6210526315789474,0.7306501547987616,351,False
0.781578947368421,0.8639455782312925,0.6684210526315789,0.7537091988130564,352,False
0.8052631578947368,0.8118279569892473,0.7947368421052632,0.8031914893617021,353,False
0.7789473684210526,0.8486842105263158,0.6789473684210526,0.7543859649122807,354,False
0.7973684210526316,0.8156424581005587,0.7684210526315789,0.7913279132791328,355,False
0.7947368421052632,0.8043478260869565,0.7789473684210526,0.7914438502673797,356,False
0.7763157894736842,0.8776978417266187,0.6421052631578947,0.7416413373860182,357,False
0.7894736842105263,0.8571428571428571,0.6947368421052632,0.7674418604651163,358,False
0.8,0.7938144329896907,0.8105263157894737,0.8020833333333334,359,False
0.7894736842105263,0.8313253012048193,0.7263157894736842,0.7752808988764045,360,False
0.7789473684210526,0.7880434782608695,0.7631578947368421,0.7754010695187166,361,False
0.781578947368421,0.7891891891891892,0.7684210526315789,0.7786666666666666,362,False
0.7894736842105263,0.8125,0.7526315789473684,0.7814207650273224,363,False
0.7763157894736842,0.8431372549019608,0.6789473684210526,0.7521865889212828,364,False
0.7736842105263158,0.8880597014925373,0.6263157894736842,0.7345679012345679,365,False
0.7947368421052632,0.8218390804597702,0.7526315789473684,0.7857142857142857,366,False
0.7868421052631579,0.8562091503267973,0.6894736842105263,0.7638483965014577,367,False
0.781578947368421,0.8128654970760234,0.7315789473684211,0.7700831024930748,368,False
0.7789473684210526,0.7880434782608695,0.7631578947368421,0.7754010695187166,369,False
0.8,0.8166666666666667,0.7736842105263158,0.7945945945945946,370,False
0.7868421052631579,0.8978102189781022,0.6473684210526316,0.7522935779816514,371,False
0.7894736842105263,0.8089887640449438,0.7578947368421053,0.782608695652174,372,False
0.7894736842105263,0.8089887640449438,0.7578947368421053,0.782608695652174,373,False
0.7868421052631579,0.8011049723756906,0.7631578947368421,0.7816711590296496,374,False
0.7868421052631579,0.8011049723756906,0.7631578947368421,0.7816711590296496,375,False
0.7868421052631579,0.8427672955974843,0.7052631578947368,0.7679083094555874,376,False
0.781578947368421,0.8451612903225807,0.6894736842105263,0.7594202898550725,377,False
0.8052631578947368,0.7989690721649485,0.8157894736842105,0.8072916666666666,378,False
0.7842105263157895,0.7842105263157895,0.7842105263157895,0.7842105263157895,379,False
0.7973684210526316,0.834319526627219,0.7421052631578947,0.7855153203342619,380,False
0.7894736842105263,0.8313253012048193,0.7263157894736842,0.7752808988764045,381,False
0.8131578947368421,0.8181818181818182,0.8052631578947368,0.8116710875331565,382,False
0.7868421052631579,0.8385093167701864,0.7105263157894737,0.7692307692307693,383,False
0.7842105263157895,0.8698630136986302,0.6684210526315789,0.7559523809523809,384,False
0.7973684210526316,0.8741721854304636,0.6947368421052632,0.7741935483870968,385,False
0.7868421052631579,0.7582938388625592,0.8421052631578947,0.7980049875311721,386,False
0.7921052631578948,0.8032786885245902,0.7736842105263158,0.7882037533512064,387,False
0.781578947368421,0.7891891891891892,0.7684210526315789,0.7786666666666666,388,False
0.7921052631578948,0.8363636363636363,0.7263157894736842,0.7774647887323943,389,False
0.7973684210526316,0.7927461139896373,0.8052631578947368,0.7989556135770235,390,False
0.8078947368421052,0.806282722513089,0.8105263157894737,0.8083989501312336,391,False
0.7947368421052632,0.8218390804597702,0.7526315789473684,0.7857142857142857,392,False
0.7842105263157895,0.8333333333333334,0.7105263157894737,0.7670454545454546,393,False
0.7894736842105263,0.8125,0.7526315789473684,0.7814207650273224,394,False
0.7921052631578948,0.8,0.7789473684210526,0.7893333333333333,395,False
0.7921052631578948,0.8208092485549133,0.7473684210526316,0.7823691460055097,396,False
0.8078947368421052,0.819672131147541,0.7894736842105263,0.8042895442359249,397,False
0.7578947368421053,0.8951612903225806,0.5842105263157895,0.7070063694267515,398,False
0.7842105263157895,0.8333333333333334,0.7105263157894737,0.7670454545454546,399,False
0.7921052631578948,0.8245614035087719,0.7421052631578947,0.7811634349030471,400,False
0.8131578947368421,0.8181818181818182,0.8052631578947368,0.8116710875331565,401,False
0.8,0.8131868131868132,0.7789473684210526,0.7956989247311828,402,False
0.7789473684210526,0.7880434782608695,0.7631578947368421,0.7754010695187166,403,False
0.7842105263157895,0.8,0.7578947368421053,0.7783783783783784,404,False
0.8,0.8166666666666667,0.7736842105263158,0.7945945945945946,405,False
0.7894736842105263,0.8160919540229885,0.7473684210526316,0.7802197802197802,406,False
0.7973684210526316,0.8265895953757225,0.7526315789473684,0.7878787878787878,407,False
0.7973684210526316,0.798941798941799,0.7947368421052632,0.7968337730870713,408,False
0.7868421052631579,0.8609271523178808,0.6842105263157895,0.7624633431085044,409,False
0.8,0.8131868131868132,0.7789473684210526,0.7956989247311828,410,False
0.7921052631578948,0.7655502392344498,0.8421052631578947,0.8020050125313283,411,False
0.7921052631578948,0.7967914438502673,0.7842105263157895,0.7904509283819628,412,False
0.7894736842105263,0.8125,0.7526315789473684,0.7814207650273224,413,False
0.7973684210526316,0.8021390374331551,0.7894736842105263,0.7957559681697612,414,False
0.8026315789473685,0.8074866310160428,0.7947368421052632,0.8010610079575596,415,False
0.7947368421052632,0.8333333333333334,0.7368421052631579,0.7821229050279329,416,False
0.7842105263157895,0.813953488372093,0.7368421052631579,0.7734806629834254,417,False
0.7842105263157895,0.8698630136986302,0.6684210526315789,0.7559523809523809,418,False
0.7868421052631579,0.7914438502673797,0.7789473684210526,0.7851458885941645,419,False
0.7894736842105263,0.7925531914893617,0.7842105263157895,0.7883597883597884,420,False
0.7763157894736842,0.7560975609756098,0.8157894736842105,0.7848101265822784,421,False
0.8026315789473685,0.8571428571428571,0.7263157894736842,0.7863247863247863,422,False
0.8,0.8433734939759037,0.7368421052631579,0.7865168539325843,423,False
0.7894736842105263,0.8313253012048193,0.7263157894736842,0.7752808988764045,424,False
0.8,0.85625,0.7210526315789474,0.7828571428571428,425,False
0.8026315789473685,0.8323699421965318,0.7578947368421053,0.7933884297520661,426,False
0.8078947368421052,0.8633540372670807,0.7315789473684211,0.792022792022792,427,False
0.8078947368421052,0.9148936170212766,0.6789473684210526,0.7794561933534743,428,False
0.8026315789473685,0.9197080291970803,0.6631578947368421,0.7706422018348624,429,False
0.8184210526315789,0.8853503184713376,0.7315789473684211,0.8011527377521613,430,False
0.7894736842105263,0.8525641025641025,0.7,0.7687861271676301,431,False
0.7947368421052632,0.8043478260869565,0.7789473684210526,0.7914438502673797,432,False
0.781578947368421,0.783068783068783,0.7789473684210526,0.7810026385224275,433,False
0.7868421052631579,0.7853403141361257,0.7894736842105263,0.7874015748031497,434,False
0.7710526315789473,0.7536945812807881,0.8052631578947368,0.7786259541984732,435,False
0.7947368421052632,0.8414634146341463,0.7263157894736842,0.7796610169491526,436,False
0.7947368421052632,0.85,0.7157894736842105,0.7771428571428571,437,False
0.781578947368421,0.7609756097560976,0.8210526315789474,0.789873417721519,438,False
0.7868421052631579,0.8303030303030303,0.7210526315789474,0.7718309859154929,439,False
0.8105263157894737,0.8554216867469879,0.7473684210526316,0.797752808988764,440,False
0.7763157894736842,0.7837837837837838,0.7631578947368421,0.7733333333333333,441,False
0.7921052631578948,0.8,0.7789473684210526,0.7893333333333333,442,False
0.7947368421052632,0.8373493975903614,0.7315789473684211,0.7808988764044944,443,False
0.7736842105263158,0.8513513513513513,0.6631578947368421,0.7455621301775148,444,False
0.7973684210526316,0.7958115183246073,0.8,0.7979002624671916,445,False
0.75,0.8991596638655462,0.5631578947368421,0.6925566343042071,446,False
0.8078947368421052,0.8461538461538461,0.7526315789473684,0.7966573816155988,447,False
0.7894736842105263,0.8353658536585366,0.7210526315789474,0.7740112994350282,448,False
0.7973684210526316,0.834319526627219,0.7421052631578947,0.7855153203342619,449,False
0.7921052631578948,0.8100558659217877,0.7631578947368421,0.7859078590785907,450,False
0.7947368421052632,0.8294117647058824,0.7421052631578947,0.7833333333333333,451,False
0.8026315789473685,0.8616352201257862,0.7210526315789474,0.7851002865329513,452,False
0.7894736842105263,0.8571428571428571,0.6947368421052632,0.7674418604651163,453,False
0.781578947368421,0.8242424242424242,0.7157894736842105,0.7661971830985915,454,False
0.7842105263157895,0.8375,0.7052631578947368,0.7657142857142857,455,False
0.8,0.8392857142857143,0.7421052631578947,0.7877094972067039,456,False
0.8,0.8166666666666667,0.7736842105263158,0.7945945945945946,457,False
0.8105263157894737,0.8352272727272727,0.7736842105263158,0.8032786885245902,458,False
0.7842105263157895,0.86,0.6789473684210526,0.7588235294117647,459,False
0.8052631578947368,0.8020833333333334,0.8105263157894737,0.806282722513089,460,False
0.7973684210526316,0.8598726114649682,0.7105263157894737,0.7780979827089337,461,False
0.7868421052631579,0.7766497461928934,0.8052631578947368,0.7906976744186046,462,False
0.7763157894736842,0.8106508875739645,0.7210526315789474,0.7632311977715878,463,False
0.781578947368421,0.7955801104972375,0.7578947368421053,0.7762803234501348,464,False
0.7842105263157895,0.7673267326732673,0.8157894736842105,0.7908163265306123,465,False
0.7947368421052632,0.8783783783783784,0.6842105263157895,0.7692307692307693,466,False
0.8,0.8851351351351351,0.6894736842105263,0.7751479289940828,467,False
0.8,0.8202247191011236,0.7684210526315789,0.7934782608695652,468,False
0.8,0.8475609756097561,0.7315789473684211,0.7853107344632768,469,False
0.7973684210526316,0.8054054054054054,0.7842105263157895,0.7946666666666666,470,False
0.8026315789473685,0.8484848484848485,0.7368421052631579,0.7887323943661971,471,False
0.7921052631578948,0.8208092485549133,0.7473684210526316,0.7823691460055097,472,False
0.7736842105263158,0.8661971830985915,0.6473684210526316,0.7409638554216867,473,False
0.8026315789473685,0.8362573099415205,0.7526315789473684,0.7922437673130194,474,False
0.7763157894736842,0.8776978417266187,0.6421052631578947,0.7416413373860182,475,False
0.8052631578947368,0.8717948717948718,0.7157894736842105,0.7861271676300579,476,False
0.8131578947368421,0.8216216216216217,0.8,0.8106666666666666,477,False
0.8052631578947368,0.8411764705882353,0.7526315789473684,0.7944444444444444,478,False
0.8052631578947368,0.8717948717948718,0.7157894736842105,0.7861271676300579,479,False
0.7973684210526316,0.8021390374331551,0.7894736842105263,0.7957559681697612,480,False
0.7894736842105263,0.8021978021978022,0.7684210526315789,0.7849462365591398,481,False
0.7921052631578948,0.8363636363636363,0.7263157894736842,0.7774647887323943,482,False
0.7947368421052632,0.8636363636363636,0.7,0.7732558139534884,483,False
0.7868421052631579,0.807909604519774,0.7526315789473684,0.779291553133515,484,False
0.7973684210526316,0.8598726114649682,0.7105263157894737,0.7780979827089337,485,False
0.7894736842105263,0.7806122448979592,0.8052631578947368,0.7927461139896373,486,False
0.7947368421052632,0.9,0.6631578947368421,0.7636363636363637,487,False
0.7973684210526316,0.7810945273631841,0.8263157894736842,0.80306905370844,488,False
0.7868421052631579,0.7766497461928934,0.8052631578947368,0.7906976744186046,489,False
0.7894736842105263,0.7835051546391752,0.8,0.7916666666666666,490,False
0.7842105263157895,0.8698630136986302,0.6684210526315789,0.7559523809523809,491,False
0.8078947368421052,0.8502994011976048,0.7473684210526316,0.7955182072829131,492,False
0.7789473684210526,0.7849462365591398,0.7684210526315789,0.776595744680851,493,False
0.7842105263157895,0.8,0.7578947368421053,0.7783783783783784,494,False
0.7894736842105263,0.7989130434782609,0.7736842105263158,0.786096256684492,495,False
0.7947368421052632,0.8111111111111111,0.7684210526315789,0.7891891891891892,496,False
0.7789473684210526,0.8081395348837209,0.7315789473684211,0.7679558011049724,497,False
0.7894736842105263,0.8197674418604651,0.7421052631578947,0.7790055248618785,498,False
0.7868421052631579,0.8224852071005917,0.7315789473684211,0.7743732590529248,499,False
0.7684210526315789,0.755,0.7947368421052632,0.7743589743589744,500,False
0.7868421052631579,0.8044692737430168,0.7578947368421053,0.7804878048780488,501,False
0.7921052631578948,0.8363636363636363,0.7263157894736842,0.7774647887323943,502,False
0.7657894736842106,0.726457399103139,0.8526315789473684,0.784503631961259,503,False
0.7789473684210526,0.8045977011494253,0.7368421052631579,0.7692307692307693,504,False
0.7789473684210526,0.7760416666666666,0.7842105263157895,0.7801047120418848,505,False
0.7710526315789473,0.764102564102564,0.7842105263157895,0.7740259740259741,506,False
0.781578947368421,0.7955801104972375,0.7578947368421053,0.7762803234501348,507,False
0.7789473684210526,0.7598039215686274,0.8157894736842105,0.7868020304568528,508,False
0.7947368421052632,0.845679012345679,0.7210526315789474,0.7784090909090909,509,False
0.7973684210526316,0.8424242424242424,0.7315789473684211,0.7830985915492957,510,False
0.7973684210526316,0.8466257668711656,0.7263157894736842,0.7818696883852692,511,False
0.7842105263157895,0.8913043478260869,0.6473684210526316,0.75,512,False
0.8131578947368421,0.8695652173913043,0.7368421052631579,0.7977207977207977,513,False
0.8105263157894737,0.8352272727272727,0.7736842105263158,0.8032786885245902,514,False
0.7973684210526316,0.798941798941799,0.7947368421052632,0.7968337730870713,515,False
0.7868421052631579,0.7823834196891192,0.7947368421052632,0.7885117493472585,516,False
0.7736842105263158,0.7524271844660194,0.8157894736842105,0.7828282828282829,517,False
0.7736842105263158,0.7574257425742574,0.8052631578947368,0.7806122448979592,518,False
0.7789473684210526,0.8045977011494253,0.7368421052631579,0.7692307692307693,519,False
0.7736842105263158,0.7736842105263158,0.7736842105263158,0.7736842105263158,520,False
0.7868421052631579,0.7978142076502732,0.7684210526315789,0.7828418230563002,521,False
0.7631578947368421,0.7604166666666666,0.7684210526315789,0.7643979057591623,522,False
0.7736842105263158,0.7921348314606742,0.7421052631578947,0.7663043478260869,523,False
0.7894736842105263,0.8160919540229885,0.7473684210526316,0.7802197802197802,524,False
0.7894736842105263,0.8055555555555556,0.7631578947368421,0.7837837837837838,525,False
0.781578947368421,0.8057142857142857,0.7421052631578947,0.7726027397260274,526,False
0.7842105263157895,0.8253012048192772,0.7210526315789474,0.7696629213483146,527,False
0.7973684210526316,0.8087431693989071,0.7789473684210526,0.7935656836461126,528,False
0.7868421052631579,0.7794871794871795,0.8,0.7896103896103897,529,False
0.8,0.785,0.8263157894736842,0.8051282051282052,530,False
0.8026315789473685,0.8212290502793296,0.7736842105263158,0.7967479674796748,531,False
0.7973684210526316,0.8087431693989071,0.7789473684210526,0.7935656836461126,532,False
0.7973684210526316,0.8021390374331551,0.7894736842105263,0.7957559681697612,533,False
0.8,0.8,0.8,0.8,534,False
0.781578947368421,0.8092485549132948,0.7368421052631579,0.7713498622589532,535,False
0.7868421052631579,0.8187134502923976,0.7368421052631579,0.775623268698061,536,False
0.7921052631578948,0.8881118881118881,0.6684210526315789,0.7627627627627628,537,False
0.7789473684210526,0.7912087912087912,0.7578947368421053,0.7741935483870968,538,False
0.781578947368421,0.8165680473372781,0.7263157894736842,0.7688022284122563,539,False
0.7947368421052632,0.8414634146341463,0.7263157894736842,0.7796610169491526,540,False
0.7921052631578948,0.8580645161290322,0.7,0.7710144927536232,541,False
0.7921052631578948,0.7761194029850746,0.8210526315789474,0.7979539641943734,542,False
0.7684210526315789,0.8493150684931506,0.6526315789473685,0.7380952380952381,543,False
0.7947368421052632,0.8010752688172043,0.7842105263157895,0.7925531914893617,544,False
0.8,0.7794117647058824,0.8368421052631579,0.8071065989847716,545,False
0.8184210526315789,0.8201058201058201,0.8157894736842105,0.8179419525065963,546,False
0.7973684210526316,0.8054054054054054,0.7842105263157895,0.7946666666666666,547,False
0.7921052631578948,0.8404907975460123,0.7210526315789474,0.7762039660056658,548,False
0.7947368421052632,0.7857142857142857,0.8105263157894737,0.7979274611398963,549,False
0.7842105263157895,0.8214285714285714,0.7263157894736842,0.770949720670391,550,False
0.7973684210526316,0.7810945273631841,0.8263157894736842,0.80306905370844,551,False
0.7947368421052632,0.7745098039215687,0.8315789473684211,0.8020304568527918,552,False
0.7789473684210526,0.863013698630137,0.6631578947368421,0.75,553,False
0.7921052631578948,0.7761194029850746,0.8210526315789474,0.7979539641943734,554,False
0.7842105263157895,0.8552631578947368,0.6842105263157895,0.7602339181286549,555,False
0.7868421052631579,0.8011049723756906,0.7631578947368421,0.7816711590296496,556,False
0.8,0.8064516129032258,0.7894736842105263,0.7978723404255319,557,False
0.7842105263157895,0.8698630136986302,0.6684210526315789,0.7559523809523809,558,False
0.7894736842105263,0.8089887640449438,0.7578947368421053,0.782608695652174,559,False
0.7789473684210526,0.8441558441558441,0.6842105263157895,0.7558139534883721,560,False
0.781578947368421,0.8322981366459627,0.7052631578947368,0.7635327635327636,561,False
0.7842105263157895,0.7673267326732673,0.8157894736842105,0.7908163265306123,562,False
0.7789473684210526,0.83125,0.7,0.76,563,False
0.7789473684210526,0.8011363636363636,0.7421052631578947,0.7704918032786885,564,False
0.7868421052631579,0.8187134502923976,0.7368421052631579,0.775623268698061,565,False
0.7789473684210526,0.7704081632653061,0.7947368421052632,0.7823834196891192,566,False
0.7868421052631579,0.8471337579617835,0.7,0.7665706051873199,567,False
0.8,0.785,0.8263157894736842,0.8051282051282052,568,False
0.781578947368421,0.8022598870056498,0.7473684210526316,0.773841961852861,569,False
0.7710526315789473,0.8159509202453987,0.7,0.7535410764872521,570,False
0.7868421052631579,0.8707482993197279,0.6736842105263158,0.7596439169139466,571,False
0.781578947368421,0.8451612903225807,0.6894736842105263,0.7594202898550725,572,False
0.781578947368421,0.8242424242424242,0.7157894736842105,0.7661971830985915,573,False
0.7894736842105263,0.7925531914893617,0.7842105263157895,0.7883597883597884,574,False
0.7789473684210526,0.863013698630137,0.6631578947368421,0.75,575,False
0.781578947368421,0.7891891891891892,0.7684210526315789,0.7786666666666666,576,False
0.7894736842105263,0.8125,0.7526315789473684,0.7814207650273224,577,False
0.8,0.785,0.8263157894736842,0.8051282051282052,578,False
0.7868421052631579,0.8562091503267973,0.6894736842105263,0.7638483965014577,579,False
0.7894736842105263,0.7835051546391752,0.8,0.7916666666666666,580,False
0.7973684210526316,0.8054054054054054,0.7842105263157895,0.7946666666666666,581,False
0.7894736842105263,0.8125,0.7526315789473684,0.7814207650273224,582,False
0.7868421052631579,0.8609271523178808,0.6842105263157895,0.7624633431085044,583,False
0.781578947368421,0.8128654970760234,0.7315789473684211,0.7700831024930748,584,False
0.7842105263157895,0.8214285714285714,0.7263157894736842,0.770949720670391,585,False
0.7842105263157895,0.7903225806451613,0.7736842105263158,0.7819148936170213,586,False
0.7973684210526316,0.8192090395480226,0.7631578947368421,0.7901907356948229,587,False
0.8,0.8238636363636364,0.7631578947368421,0.7923497267759563,588,False
0.7868421052631579,0.8707482993197279,0.6736842105263158,0.7596439169139466,589,False
0.8,0.8064516129032258,0.7894736842105263,0.7978723404255319,590,False
0.7736842105263158,0.8768115942028986,0.6368421052631579,0.7378048780487805,591,False
0.7894736842105263,0.7806122448979592,0.8052631578947368,0.7927461139896373,592,False
0.781578947368421,0.7955801104972375,0.7578947368421053,0.7762803234501348,593,False
0.7842105263157895,0.7842105263157895,0.7842105263157895,0.7842105263157895,594,False
0.781578947368421,0.8242424242424242,0.7157894736842105,0.7661971830985915,595,False
0.8052631578947368,0.8152173913043478,0.7894736842105263,0.8021390374331551,596,False
0.8,0.7794117647058824,0.8368421052631579,0.8071065989847716,597,False
0.8131578947368421,0.8051282051282052,0.8263157894736842,0.8155844155844156,598,False
0.7763157894736842,0.8143712574850299,0.7157894736842105,0.7619047619047619,599,False
0.7789473684210526,0.7912087912087912,0.7578947368421053,0.7741935483870968,600,False
0.7894736842105263,0.8055555555555556,0.7631578947368421,0.7837837837837838,601,False
0.7789473684210526,0.8354430379746836,0.6947368421052632,0.7586206896551724,602,False
0.781578947368421,0.8407643312101911,0.6947368421052632,0.760806916426513,603,False
0.7921052631578948,0.7967914438502673,0.7842105263157895,0.7904509283819628,604,False
0.7789473684210526,0.8117647058823529,0.7263157894736842,0.7666666666666667,605,False
0.7842105263157895,0.8552631578947368,0.6842105263157895,0.7602339181286549,606,False
0.7842105263157895,0.8068181818181818,0.7473684210526316,0.7759562841530054,607,False
0.8,0.8097826086956522,0.7842105263157895,0.7967914438502673,608,False
0.8052631578947368,0.8118279569892473,0.7947368421052632,0.8031914893617021,609,False
0.7973684210526316,0.8021390374331551,0.7894736842105263,0.7957559681697612,610,False
0.7894736842105263,0.7956989247311828,0.7789473684210526,0.7872340425531915,611,False
0.7763157894736842,0.8301886792452831,0.6947368421052632,0.7564469914040115,612,False
0.7763157894736842,0.8260869565217391,0.7,0.7578347578347578,613,False
0.7921052631578948,0.8066298342541437,0.7684210526315789,0.7870619946091644,614,False
0.7973684210526316,0.8021390374331551,0.7894736842105263,0.7957559681697612,615,False
0.7947368421052632,0.8181818181818182,0.7578947368421053,0.7868852459016393,616,False
0.8,0.7938144329896907,0.8105263157894737,0.8020833333333334,617,False
0.7868421052631579,0.8385093167701864,0.7105263157894737,0.7692307692307693,618,False
0.7894736842105263,0.8055555555555556,0.7631578947368421,0.7837837837837838,619,False
0.8,0.8392857142857143,0.7421052631578947,0.7877094972067039,620,False
0.8078947368421052,0.8031088082901554,0.8157894736842105,0.8093994778067886,621,False
0.781578947368421,0.8165680473372781,0.7263157894736842,0.7688022284122563,622,False
0.7947368421052632,0.8076923076923077,0.7736842105263158,0.7903225806451613,623,False
0.7894736842105263,0.8235294117647058,0.7368421052631579,0.7777777777777778,624,False
0.8026315789473685,0.8042328042328042,0.8,0.8021108179419525,625,False
0.7868421052631579,0.7945945945945946,0.7736842105263158,0.784,626,False
0.8052631578947368,0.7929292929292929,0.8263157894736842,0.8092783505154639,627,False
0.8052631578947368,0.8222222222222222,0.7789473684210526,0.8,628,False
0.8078947368421052,0.8128342245989305,0.8,0.8063660477453581,629,False
0.8078947368421052,0.806282722513089,0.8105263157894737,0.8083989501312336,630,False
0.7763157894736842,0.8070175438596491,0.7263157894736842,0.7645429362880887,631,False
0.7947368421052632,0.8076923076923077,0.7736842105263158,0.7903225806451613,632,False
0.8,0.8275862068965517,0.7578947368421053,0.7912087912087912,633,False
0.7894736842105263,0.7722772277227723,0.8210526315789474,0.7959183673469388,634,False
0.7947368421052632,0.7947368421052632,0.7947368421052632,0.7947368421052632,635,False
0.7868421052631579,0.8343558282208589,0.7157894736842105,0.7705382436260623,636,False
0.7894736842105263,0.8197674418604651,0.7421052631578947,0.7790055248618785,637,False
0.7868421052631579,0.8427672955974843,0.7052631578947368,0.7679083094555874,638,False
0.7894736842105263,0.84375,0.7105263157894737,0.7714285714285715,639,False
0.8131578947368421,0.7960199004975125,0.8421052631578947,0.8184143222506394,640,False
0.781578947368421,0.8407643312101911,0.6947368421052632,0.760806916426513,641,False
0.7921052631578948,0.7967914438502673,0.7842105263157895,0.7904509283819628,642,False
0.7842105263157895,0.8103448275862069,0.7421052631578947,0.7747252747252747,643,False
0.7710526315789473,0.8456375838926175,0.6631578947368421,0.7433628318584071,644,False
0.7736842105263158,0.8058823529411765,0.7210526315789474,0.7611111111111111,645,False
0.781578947368421,0.8451612903225807,0.6894736842105263,0.7594202898550725,646,False
0.7973684210526316,0.8192090395480226,0.7631578947368421,0.7901907356948229,647,False
0.7973684210526316,0.7783251231527094,0.8315789473684211,0.8040712468193384,648,False
0.7973684210526316,0.7868020304568528,0.8157894736842105,0.8010335917312662,649,False
0.7894736842105263,0.8125,0.7526315789473684,0.7814207650273224,650,False
0.8,0.8097826086956522,0.7842105263157895,0.7967914438502673,651,False
0.8078947368421052,0.7799043062200957,0.8578947368421053,0.8170426065162907,652,False
0.7868421052631579,0.8187134502923976,0.7368421052631579,0.775623268698061,653,False
0.7789473684210526,0.8271604938271605,0.7052631578947368,0.7613636363636364,654,False
0.7868421052631579,0.755868544600939,0.8473684210526315,0.7990074441687345,655,False
0.7763157894736842,0.8143712574850299,0.7157894736842105,0.7619047619047619,656,False
0.7657894736842106,0.8435374149659864,0.6526315789473685,0.7359050445103857,657,False
0.7868421052631579,0.8385093167701864,0.7105263157894737,0.7692307692307693,658,False
0.7710526315789473,0.8814814814814815,0.6263157894736842,0.7323076923076923,659,False
0.7763157894736842,0.8220858895705522,0.7052631578947368,0.7592067988668555,660,False
0.7736842105263158,0.8421052631578947,0.6736842105263158,0.7485380116959064,661,False
0.7736842105263158,0.8333333333333334,0.6842105263157895,0.7514450867052023,662,False
0.7789473684210526,0.8581081081081081,0.6684210526315789,0.7514792899408284,663,False
0.8078947368421052,0.8095238095238095,0.8052631578947368,0.8073878627968337,664,False
0.8,0.7878787878787878,0.8210526315789474,0.8041237113402062,665,False
0.8052631578947368,0.8186813186813187,0.7842105263157895,0.8010752688172043,666,False
0.7947368421052632,0.85,0.7157894736842105,0.7771428571428571,667,False
0.7921052631578948,0.8032786885245902,0.7736842105263158,0.7882037533512064,668,False
0.781578947368421,0.8590604026845637,0.6736842105263158,0.7551622418879056,669,False
0.8026315789473685,0.8571428571428571,0.7263157894736842,0.7863247863247863,670,False
0.7842105263157895,0.8461538461538461,0.6947368421052632,0.7630057803468208,671,False
0.7894736842105263,0.8160919540229885,0.7473684210526316,0.7802197802197802,672,False
0.7842105263157895,0.7967032967032966,0.7631578947368421,0.7795698924731183,673,False
0.8052631578947368,0.8052631578947368,0.8052631578947368,0.8052631578947368,674,False
0.7973684210526316,0.7927461139896373,0.8052631578947368,0.7989556135770235,675,False
0.8,0.796875,0.8052631578947368,0.8010471204188482,676,False
0.7947368421052632,0.8783783783783784,0.6842105263157895,0.7692307692307693,677,False
0.8078947368421052,0.8031088082901554,0.8157894736842105,0.8093994778067886,678,False
0.7921052631578948,0.8404907975460123,0.7210526315789474,0.7762039660056658,679,False
0.7868421052631579,0.8516129032258064,0.6947368421052632,0.7652173913043478,680,False
0.8052631578947368,0.7989690721649485,0.8157894736842105,0.8072916666666666,681,False
0.7947368421052632,0.7641509433962265,0.8526315789473684,0.8059701492537313,682,False
0.8052631578947368,0.8222222222222222,0.7789473684210526,0.8,683,False
0.8,0.8064516129032258,0.7894736842105263,0.7978723404255319,684,False
0.7973684210526316,0.8228571428571428,0.7578947368421053,0.7890410958904109,685,False
0.7842105263157895,0.8698630136986302,0.6684210526315789,0.7559523809523809,686,False
0.7947368421052632,0.8146067415730337,0.7631578947368421,0.7880434782608695,687,False
0.7947368421052632,0.8544303797468354,0.7105263157894737,0.7758620689655172,688,False
0.7921052631578948,0.8404907975460123,0.7210526315789474,0.7762039660056658,689,False
0.8,0.8275862068965517,0.7578947368421053,0.7912087912087912,690,False
0.7921052631578948,0.7733990147783252,0.8263157894736842,0.7989821882951654,691,False
0.781578947368421,0.8364779874213837,0.7,0.7621776504297995,692,False
0.8105263157894737,0.8554216867469879,0.7473684210526316,0.797752808988764,693,False
0.7973684210526316,0.864516129032258,0.7052631578947368,0.7768115942028986,694,False
0.8,0.85625,0.7210526315789474,0.7828571428571428,695,False
0.8078947368421052,0.7853658536585366,0.8473684210526315,0.8151898734177215,696,False
0.7973684210526316,0.8509316770186336,0.7210526315789474,0.7806267806267806,697,False
0.8,0.8433734939759037,0.7368421052631579,0.7865168539325843,698,False
0.7868421052631579,0.8224852071005917,0.7315789473684211,0.7743732590529248,699,False
0.8,0.8475609756097561,0.7315789473684211,0.7853107344632768,700,False
0.7947368421052632,0.8333333333333334,0.7368421052631579,0.7821229050279329,701,False
0.7973684210526316,0.8265895953757225,0.7526315789473684,0.7878787878787878,702,False
0.8078947368421052,0.8268156424581006,0.7789473684210526,0.8021680216802168,703,False
0.8,0.785,0.8263157894736842,0.8051282051282052,704,False
0.7947368421052632,0.8076923076923077,0.7736842105263158,0.7903225806451613,705,False
0.7947368421052632,0.8181818181818182,0.7578947368421053,0.7868852459016393,706,False
0.8,0.8518518518518519,0.7263157894736842,0.7840909090909091,707,False
0.7894736842105263,0.8716216216216216,0.6789473684210526,0.7633136094674556,708,False
0.8078947368421052,0.819672131147541,0.7894736842105263,0.8042895442359249,709,False
0.8052631578947368,0.8222222222222222,0.7789473684210526,0.8,710,False
0.8026315789473685,0.8010471204188482,0.8052631578947368,0.8031496062992126,711,False
0.8026315789473685,0.8362573099415205,0.7526315789473684,0.7922437673130194,712,False
0.8105263157894737,0.8206521739130435,0.7947368421052632,0.8074866310160428,713,False
0.8026315789473685,0.8108108108108109,0.7894736842105263,0.8,714,False
0.8026315789473685,0.8709677419354839,0.7105263157894737,0.782608695652174,715,False
0.8052631578947368,0.8580246913580247,0.7315789473684211,0.7897727272727273,716,False
0.7947368421052632,0.8544303797468354,0.7105263157894737,0.7758620689655172,717,False
0.8026315789473685,0.7860696517412935,0.8315789473684211,0.8081841432225064,718,False
0.7868421052631579,0.8224852071005917,0.7315789473684211,0.7743732590529248,719,False
0.7921052631578948,0.8775510204081632,0.6789473684210526,0.7655786350148368,720,False
0.8105263157894737,0.8041237113402062,0.8210526315789474,0.8125,721,False
0.8026315789473685,0.8402366863905325,0.7473684210526316,0.7910863509749304,722,False
0.8078947368421052,0.8268156424581006,0.7789473684210526,0.8021680216802168,723,False
0.8,0.8392857142857143,0.7421052631578947,0.7877094972067039,724,False
0.8026315789473685,0.8142076502732241,0.7842105263157895,0.7989276139410187,725,False
0.8078947368421052,0.8502994011976048,0.7473684210526316,0.7955182072829131,726,False
0.7973684210526316,0.7958115183246073,0.8,0.7979002624671916,727,False
0.8052631578947368,0.8152173913043478,0.7894736842105263,0.8021390374331551,728,False
0.8,0.8392857142857143,0.7421052631578947,0.7877094972067039,729,False
0.8,0.8313953488372093,0.7526315789473684,0.7900552486187845,730,False
0.781578947368421,0.8057142857142857,0.7421052631578947,0.7726027397260274,731,False
0.8,0.8392857142857143,0.7421052631578947,0.7877094972067039,732,False
0.7789473684210526,0.8840579710144928,0.6421052631578947,0.7439024390243902,733,False
0.7973684210526316,0.8265895953757225,0.7526315789473684,0.7878787878787878,734,False
0.7894736842105263,0.8353658536585366,0.7210526315789474,0.7740112994350282,735,False
0.8,0.8,0.8,0.8,736,False
0.7973684210526316,0.8156424581005587,0.7684210526315789,0.7913279132791328,737,False
0.7947368421052632,0.8076923076923077,0.7736842105263158,0.7903225806451613,738,False
0.7921052631578948,0.7905759162303665,0.7947368421052632,0.7926509186351706,739,False
0.7842105263157895,0.8,0.7578947368421053,0.7783783783783784,740,False
0.8052631578947368,0.8052631578947368,0.8052631578947368,0.8052631578947368,741,False
0.7973684210526316,0.8021390374331551,0.7894736842105263,0.7957559681697612,742,False
0.7763157894736842,0.8181818181818182,0.7105263157894737,0.7605633802816901,743,False
0.7894736842105263,0.8197674418604651,0.7421052631578947,0.7790055248618785,744,False
0.8052631578947368,0.7929292929292929,0.8263157894736842,0.8092783505154639,745,False
0.7842105263157895,0.8214285714285714,0.7263157894736842,0.770949720670391,746,False
0.8026315789473685,0.8212290502793296,0.7736842105263158,0.7967479674796748,747,False
0.7973684210526316,0.8265895953757225,0.7526315789473684,0.7878787878787878,748,False
0.7947368421052632,0.7616822429906542,0.8578947368421053,0.806930693069307,749,False
0.8026315789473685,0.7948717948717948,0.8157894736842105,0.8051948051948052,750,False
0.8052631578947368,0.8085106382978723,0.8,0.8042328042328042,751,False
0.7947368421052632,0.788659793814433,0.8052631578947368,0.796875,752,False
0.7684210526315789,0.8591549295774648,0.6421052631578947,0.7349397590361446,753,False
0.7947368421052632,0.8255813953488372,0.7473684210526316,0.7845303867403315,754,False
0.7947368421052632,0.85,0.7157894736842105,0.7771428571428571,755,False
0.7657894736842106,0.8581560283687943,0.6368421052631579,0.7311178247734139,756,False
0.7973684210526316,0.7958115183246073,0.8,0.7979002624671916,757,False
0.7973684210526316,0.834319526627219,0.7421052631578947,0.7855153203342619,758,False
0.8,0.7938144329896907,0.8105263157894737,0.8020833333333334,759,False
0.8105263157894737,0.8277777777777777,0.7842105263157895,0.8054054054054054,760,False
0.7947368421052632,0.7745098039215687,0.8315789473684211,0.8020304568527918,761,False
0.7868421052631579,0.7511520737327189,0.8578947368421053,0.800982800982801,762,False
0.8052631578947368,0.8152173913043478,0.7894736842105263,0.8021390374331551,763,False
0.7947368421052632,0.8414634146341463,0.7263157894736842,0.7796610169491526,764,False
0.7947368421052632,0.845679012345679,0.7210526315789474,0.7784090909090909,765,False
0.8078947368421052,0.7969543147208121,0.8263157894736842,0.8113695090439277,766,False
0.8078947368421052,0.8305084745762712,0.7736842105263158,0.8010899182561307,767,False
0.7973684210526316,0.8156424581005587,0.7684210526315789,0.7913279132791328,768,False
0.7894736842105263,0.8021978021978022,0.7684210526315789,0.7849462365591398,769,False
0.7894736842105263,0.8481012658227848,0.7052631578947368,0.7701149425287356,770,False
0.7710526315789473,0.8759124087591241,0.631578947368421,0.7339449541284404,771,False
0.781578947368421,0.8496732026143791,0.6842105263157895,0.7580174927113703,772,False
0.8,0.8433734939759037,0.7368421052631579,0.7865168539325843,773,False
0.7842105263157895,0.8375,0.7052631578947368,0.7657142857142857,774,False
0.8026315789473685,0.8074866310160428,0.7947368421052632,0.8010610079575596,775,False
0.7868421052631579,0.7823834196891192,0.7947368421052632,0.7885117493472585,776,False
0.7789473684210526,0.7912087912087912,0.7578947368421053,0.7741935483870968,777,False
0.781578947368421,0.8364779874213837,0.7,0.7621776504297995,778,False
0.7736842105263158,0.8291139240506329,0.6894736842105263,0.7528735632183908,779,False
0.7947368421052632,0.8010752688172043,0.7842105263157895,0.7925531914893617,780,False
0.7789473684210526,0.8581081081081081,0.6684210526315789,0.7514792899408284,781,False
0.7894736842105263,0.8481012658227848,0.7052631578947368,0.7701149425287356,782,False
0.7868421052631579,0.8224852071005917,0.7315789473684211,0.7743732590529248,783,False
0.7947368421052632,0.7692307692307693,0.8421052631578947,0.8040201005025126,784,False
0.781578947368421,0.8407643312101911,0.6947368421052632,0.760806916426513,785,False
0.8026315789473685,0.8212290502793296,0.7736842105263158,0.7967479674796748,786,False
0.7868421052631579,0.8114285714285714,0.7473684210526316,0.7780821917808219,787,False
0.7868421052631579,0.8224852071005917,0.7315789473684211,0.7743732590529248,788,False
0.7947368421052632,0.8111111111111111,0.7684210526315789,0.7891891891891892,789,False
0.7763157894736842,0.8181818181818182,0.7105263157894737,0.7605633802816901,790,False
0.8026315789473685,0.8108108108108109,0.7894736842105263,0.8,791,False
0.7947368421052632,0.8414634146341463,0.7263157894736842,0.7796610169491526,792,False
0.7947368421052632,0.8043478260869565,0.7789473684210526,0.7914438502673797,793,False
0.7921052631578948,0.8323353293413174,0.7315789473684211,0.7787114845938375,794,False
0.7921052631578948,0.8245614035087719,0.7421052631578947,0.7811634349030471,795,False
0.7947368421052632,0.8010752688172043,0.7842105263157895,0.7925531914893617,796,False
0.8,0.8131868131868132,0.7789473684210526,0.7956989247311828,797,False
0.8131578947368421,0.8148148148148148,0.8105263157894737,0.8126649076517151,798,False
0.8052631578947368,0.7989690721649485,0.8157894736842105,0.8072916666666666,799,False
0.7894736842105263,0.8055555555555556,0.7631578947368421,0.7837837837837838,800,False
0.7894736842105263,0.8618421052631579,0.6894736842105263,0.7660818713450293,801,False
0.8,0.8313953488372093,0.7526315789473684,0.7900552486187845,802,False
0.7868421052631579,0.8263473053892215,0.7263157894736842,0.773109243697479,803,False
0.8078947368421052,0.8268156424581006,0.7789473684210526,0.8021680216802168,804,False
0.7921052631578948,0.8100558659217877,0.7631578947368421,0.7859078590785907,805,False
0.781578947368421,0.8203592814371258,0.7210526315789474,0.7675070028011205,806,False
0.7921052631578948,0.8363636363636363,0.7263157894736842,0.7774647887323943,807,False
0.7605263157894737,0.8613138686131386,0.6210526315789474,0.7217125382262997,808,False
0.7947368421052632,0.8010752688172043,0.7842105263157895,0.7925531914893617,809,False
0.7763157894736842,0.8220858895705522,0.7052631578947368,0.7592067988668555,810,False
0.8105263157894737,0.7783018867924528,0.868421052631579,0.8208955223880597,811,False
0.8,0.7663551401869159,0.8631578947368421,0.8118811881188119,812,False
0.8026315789473685,0.852760736196319,0.7315789473684211,0.7875354107648725,813,False
0.8105263157894737,0.8072916666666666,0.8157894736842105,0.8115183246073299,814,False
0.8026315789473685,0.7948717948717948,0.8157894736842105,0.8051948051948052,815,False
0.7842105263157895,0.8461538461538461,0.6947368421052632,0.7630057803468208,816,False
0.7947368421052632,0.7947368421052632,0.7947368421052632,0.7947368421052632,817,False
0.8184210526315789,0.8071065989847716,0.8368421052631579,0.8217054263565892,818,False
0.8078947368421052,0.7881773399014779,0.8421052631578947,0.8142493638676844,819,False
0.781578947368421,0.8203592814371258,0.7210526315789474,0.7675070028011205,820,False
0.7763157894736842,0.7807486631016043,0.7684210526315789,0.7745358090185677,821,False
0.7842105263157895,0.7967032967032966,0.7631578947368421,0.7795698924731183,822,False
0.7868421052631579,0.8011049723756906,0.7631578947368421,0.7816711590296496,823,False
0.7868421052631579,0.8427672955974843,0.7052631578947368,0.7679083094555874,824,False
0.7868421052631579,0.815028901734104,0.7421052631578947,0.7768595041322314,825,False
0.7894736842105263,0.7835051546391752,0.8,0.7916666666666666,826,False
0.7921052631578948,0.7581395348837209,0.8578947368421053,0.8049382716049382,827,False
0.7868421052631579,0.8263473053892215,0.7263157894736842,0.773109243697479,828,False
0.7842105263157895,0.7596153846153846,0.8315789473684211,0.7939698492462312,829,False
0.7710526315789473,0.8410596026490066,0.6684210526315789,0.7448680351906158,830,False
0.7789473684210526,0.8441558441558441,0.6842105263157895,0.7558139534883721,831,False
0.8,0.8352941176470589,0.7473684210526316,0.7888888888888889,832,False
0.7947368421052632,0.8373493975903614,0.7315789473684211,0.7808988764044944,833,False
0.7947368421052632,0.8043478260869565,0.7789473684210526,0.7914438502673797,834,False
0.7947368421052632,0.8544303797468354,0.7105263157894737,0.7758620689655172,835,False
0.7947368421052632,0.7857142857142857,0.8105263157894737,0.7979274611398963,836,False
0.8,0.8,0.8,0.8,837,False
0.7657894736842106,0.8258064516129032,0.6736842105263158,0.7420289855072464,838,False
0.8026315789473685,0.8176795580110497,0.7789473684210526,0.7978436657681941,839,False
0.7868421052631579,0.8011049723756906,0.7631578947368421,0.7816711590296496,840,False
0.7763157894736842,0.8723404255319149,0.6473684210526316,0.743202416918429,841,False
0.7789473684210526,0.8441558441558441,0.6842105263157895,0.7558139534883721,842,False
0.7842105263157895,0.8214285714285714,0.7263157894736842,0.770949720670391,843,False
0.7868421052631579,0.8427672955974843,0.7052631578947368,0.7679083094555874,844,False
0.7789473684210526,0.83125,0.7,0.76,845,False
0.7921052631578948,0.8323353293413174,0.7315789473684211,0.7787114845938375,846,False
0.8078947368421052,0.8268156424581006,0.7789473684210526,0.8021680216802168,847,False
0.8026315789473685,0.8010471204188482,0.8052631578947368,0.8031496062992126,848,False
0.8026315789473685,0.8074866310160428,0.7947368421052632,0.8010610079575596,849,False
0.7973684210526316,0.8156424581005587,0.7684210526315789,0.7913279132791328,850,False
0.781578947368421,0.8590604026845637,0.6736842105263158,0.7551622418879056,851,False
0.8052631578947368,0.8186813186813187,0.7842105263157895,0.8010752688172043,852,False
0.7842105263157895,0.8461538461538461,0.6947368421052632,0.7630057803468208,853,False
0.8026315789473685,0.8042328042328042,0.8,0.8021108179419525,854,False
0.8078947368421052,0.8031088082901554,0.8157894736842105,0.8093994778067886,855,False
0.7789473684210526,0.8441558441558441,0.6842105263157895,0.7558139534883721,856,False
0.8026315789473685,0.8074866310160428,0.7947368421052632,0.8010610079575596,857,False
0.7947368421052632,0.8255813953488372,0.7473684210526316,0.7845303867403315,858,False
0.8078947368421052,0.8232044198895028,0.7842105263157895,0.8032345013477089,859,False
0.7921052631578948,0.8775510204081632,0.6789473684210526,0.7655786350148368,860,False
0.8131578947368421,0.825136612021858,0.7947368421052632,0.8096514745308311,861,False
0.8,0.8097826086956522,0.7842105263157895,0.7967914438502673,862,False
0.8026315789473685,0.7832512315270936,0.8368421052631579,0.8091603053435115,863,False
0.7894736842105263,0.7619047619047619,0.8421052631578947,0.8,864,False
0.7921052631578948,0.7905759162303665,0.7947368421052632,0.7926509186351706,865,False
0.7763157894736842,0.8301886792452831,0.6947368421052632,0.7564469914040115,866,False
0.8078947368421052,0.838150289017341,0.7631578947368421,0.7988980716253443,867,False
0.8026315789473685,0.8212290502793296,0.7736842105263158,0.7967479674796748,868,False
0.7973684210526316,0.8265895953757225,0.7526315789473684,0.7878787878787878,869,False
0.8026315789473685,0.7918781725888325,0.8210526315789474,0.8062015503875969,870,False
0.7973684210526316,0.7958115183246073,0.8,0.7979002624671916,871,False
0.7947368421052632,0.8181818181818182,0.7578947368421053,0.7868852459016393,872,False
0.7842105263157895,0.8375,0.7052631578947368,0.7657142857142857,873,False
0.8,0.8031914893617021,0.7947368421052632,0.798941798941799,874,False
0.7921052631578948,0.7788944723618091,0.8157894736842105,0.7969151670951157,875,False
0.7894736842105263,0.7956989247311828,0.7789473684210526,0.7872340425531915,876,False
0.7947368421052632,0.7978723404255319,0.7894736842105263,0.7936507936507936,877,False
0.7657894736842106,0.8976377952755905,0.6,0.7192429022082019,878,False
0.8026315789473685,0.8402366863905325,0.7473684210526316,0.7910863509749304,879,False
0.8026315789473685,0.8108108108108109,0.7894736842105263,0.8,880,False
0.8026315789473685,0.8074866310160428,0.7947368421052632,0.8010610079575596,881,False
0.7973684210526316,0.8156424581005587,0.7684210526315789,0.7913279132791328,882,False
0.7894736842105263,0.8273809523809523,0.7315789473684211,0.776536312849162,883,False
0.8052631578947368,0.8295454545454546,0.7684210526315789,0.7978142076502732,884,False
0.8105263157894737,0.8470588235294118,0.7578947368421053,0.8,885,False
0.8026315789473685,0.7804878048780488,0.8421052631578947,0.810126582278481,886,False
0.8105263157894737,0.8314606741573034,0.7789473684210526,0.8043478260869565,887,False
0.8026315789473685,0.8323699421965318,0.7578947368421053,0.7933884297520661,888,False
0.7973684210526316,0.798941798941799,0.7947368421052632,0.7968337730870713,889,False
0.8052631578947368,0.8222222222222222,0.7789473684210526,0.8,890,False
0.8131578947368421,0.8324022346368715,0.7842105263157895,0.8075880758807588,891,False
0.8052631578947368,0.8118279569892473,0.7947368421052632,0.8031914893617021,892,False
0.8,0.7714285714285715,0.8526315789473684,0.81,893,False
0.8,0.8275862068965517,0.7578947368421053,0.7912087912087912,894,False
0.8,0.8313953488372093,0.7526315789473684,0.7900552486187845,895,False
0.8,0.8392857142857143,0.7421052631578947,0.7877094972067039,896,False
0.7894736842105263,0.8618421052631579,0.6894736842105263,0.7660818713450293,897,False
0.7552631578947369,0.8592592592592593,0.6105263157894737,0.7138461538461538,898,False
0.8131578947368421,0.847953216374269,0.7631578947368421,0.8033240997229917,899,False
0.7947368421052632,0.85,0.7157894736842105,0.7771428571428571,900,False
0.8,0.8238636363636364,0.7631578947368421,0.7923497267759563,901,False
0.7763157894736842,0.7586206896551724,0.8105263157894737,0.7837150127226463,902,False
0.7842105263157895,0.7783505154639175,0.7947368421052632,0.7864583333333334,903,False
0.7947368421052632,0.8589743589743589,0.7052631578947368,0.7745664739884393,904,False
0.8,0.8352941176470589,0.7473684210526316,0.7888888888888889,905,False
0.8052631578947368,0.8258426966292135,0.7736842105263158,0.7989130434782609,906,False
0.7763157894736842,0.7488151658767772,0.8315789473684211,0.7880299251870324,907,False
0.7921052631578948,0.7788944723618091,0.8157894736842105,0.7969151670951157,908,False
0.7973684210526316,0.7868020304568528,0.8157894736842105,0.8010335917312662,909,False
0.8078947368421052,0.806282722513089,0.8105263157894737,0.8083989501312336,910,False
0.7894736842105263,0.84375,0.7105263157894737,0.7714285714285715,911,False
0.7868421052631579,0.7400881057268722,0.8842105263157894,0.8057553956834532,912,False
0.7842105263157895,0.7454545454545455,0.8631578947368421,0.8,913,False
0.7894736842105263,0.7835051546391752,0.8,0.7916666666666666,914,False
0.7894736842105263,0.7835051546391752,0.8,0.7916666666666666,915,False
0.7921052631578948,0.7967914438502673,0.7842105263157895,0.7904509283819628,916,False
0.8,0.7878787878787878,0.8210526315789474,0.8041237113402062,917,False
0.8,0.7908163265306123,0.8157894736842105,0.8031088082901554,918,False
0.7973684210526316,0.8054054054054054,0.7842105263157895,0.7946666666666666,919,False
0.7973684210526316,0.7897435897435897,0.8105263157894737,0.8,920,False
0.7736842105263158,0.8333333333333334,0.6842105263157895,0.7514450867052023,921,False
0.7947368421052632,0.7857142857142857,0.8105263157894737,0.7979274611398963,922,False
0.7921052631578948,0.7967914438502673,0.7842105263157895,0.7904509283819628,923,False
0.8026315789473685,0.8042328042328042,0.8,0.8021108179419525,924,False
0.8026315789473685,0.8010471204188482,0.8052631578947368,0.8031496062992126,925,False
0.8026315789473685,0.8074866310160428,0.7947368421052632,0.8010610079575596,926,False
0.7921052631578948,0.8066298342541437,0.7684210526315789,0.7870619946091644,927,False
0.8,0.796875,0.8052631578947368,0.8010471204188482,928,False
0.8052631578947368,0.8186813186813187,0.7842105263157895,0.8010752688172043,929,False
0.8,0.8064516129032258,0.7894736842105263,0.7978723404255319,930,False
0.7894736842105263,0.8235294117647058,0.7368421052631579,0.7777777777777778,931,False
0.7842105263157895,0.7454545454545455,0.8631578947368421,0.8,932,False
0.7894736842105263,0.8353658536585366,0.7210526315789474,0.7740112994350282,933,False
0.7868421052631579,0.7794871794871795,0.8,0.7896103896103897,934,False
0.7868421052631579,0.7883597883597884,0.7842105263157895,0.7862796833773087,935,False
0.7921052631578948,0.8363636363636363,0.7263157894736842,0.7774647887323943,936,False
0.7868421052631579,0.7823834196891192,0.7947368421052632,0.7885117493472585,937,False
0.7789473684210526,0.823170731707317,0.7105263157894737,0.7627118644067796,938,False
0.7921052631578948,0.8066298342541437,0.7684210526315789,0.7870619946091644,939,False
0.7894736842105263,0.7989130434782609,0.7736842105263158,0.786096256684492,940,False
0.7973684210526316,0.7897435897435897,0.8105263157894737,0.8,941,False
0.7894736842105263,0.84375,0.7105263157894737,0.7714285714285715,942,False
0.7842105263157895,0.8333333333333334,0.7105263157894737,0.7670454545454546,943,False
0.7842105263157895,0.8253012048192772,0.7210526315789474,0.7696629213483146,944,False
0.7710526315789473,0.8083832335329342,0.7105263157894737,0.7563025210084033,945,False
0.781578947368421,0.8364779874213837,0.7,0.7621776504297995,946,False
0.8,0.8313953488372093,0.7526315789473684,0.7900552486187845,947,False
0.7947368421052632,0.845679012345679,0.7210526315789474,0.7784090909090909,948,False
0.7789473684210526,0.7676767676767676,0.8,0.7835051546391752,949,False
0.7894736842105263,0.84375,0.7105263157894737,0.7714285714285715,950,False
0.7736842105263158,0.7626262626262627,0.7947368421052632,0.7783505154639175,951,False
0.7736842105263158,0.776595744680851,0.7684210526315789,0.7724867724867724,952,False
0.781578947368421,0.8322981366459627,0.7052631578947368,0.7635327635327636,953,False
0.7684210526315789,0.7965116279069767,0.7210526315789474,0.7569060773480663,954,False
0.7763157894736842,0.7932960893854749,0.7473684210526316,0.7696476964769647,955,False
0.7736842105263158,0.8561643835616438,0.6578947368421053,0.7440476190476191,956,False
0.7736842105263158,0.7857142857142857,0.7526315789473684,0.7688172043010753,957,False
0.781578947368421,0.7988826815642458,0.7526315789473684,0.7750677506775068,958,False
0.7842105263157895,0.7842105263157895,0.7842105263157895,0.7842105263157895,959,False
0.7973684210526316,0.8228571428571428,0.7578947368421053,0.7890410958904109,960,False
0.7947368421052632,0.8111111111111111,0.7684210526315789,0.7891891891891892,961,False
0.7947368421052632,0.8255813953488372,0.7473684210526316,0.7845303867403315,962,False
0.7973684210526316,0.8228571428571428,0.7578947368421053,0.7890410958904109,963,False
0.7789473684210526,0.765,0.8052631578947368,0.7846153846153846,964,False
0.7921052631578948,0.7846153846153846,0.8052631578947368,0.7948051948051948,965,False
0.7947368421052632,0.8373493975903614,0.7315789473684211,0.7808988764044944,966,False
0.7868421052631579,0.8427672955974843,0.7052631578947368,0.7679083094555874,967,False
0.8026315789473685,0.8176795580110497,0.7789473684210526,0.7978436657681941,968,False
0.7894736842105263,0.8160919540229885,0.7473684210526316,0.7802197802197802,969,False
0.7947368421052632,0.8218390804597702,0.7526315789473684,0.7857142857142857,970,False
0.7947368421052632,0.8544303797468354,0.7105263157894737,0.7758620689655172,971,False
0.7947368421052632,0.7666666666666667,0.8473684210526315,0.805,972,False
0.7868421052631579,0.8707482993197279,0.6736842105263158,0.7596439169139466,973,False
0.8,0.8475609756097561,0.7315789473684211,0.7853107344632768,974,False
0.7789473684210526,0.7676767676767676,0.8,0.7835051546391752,975,False
0.7736842105263158,0.7795698924731183,0.7631578947368421,0.7712765957446809,976,False
0.7657894736842106,0.8389261744966443,0.6578947368421053,0.7374631268436578,977,False
0.781578947368421,0.8496732026143791,0.6842105263157895,0.7580174927113703,978,False
0.7842105263157895,0.77,0.8105263157894737,0.7897435897435897,979,False
0.7868421052631579,0.8187134502923976,0.7368421052631579,0.775623268698061,980,False
0.781578947368421,0.783068783068783,0.7789473684210526,0.7810026385224275,981,False
0.8,0.8653846153846154,0.7105263157894737,0.7803468208092486,982,False
0.7973684210526316,0.8087431693989071,0.7789473684210526,0.7935656836461126,983,False
0.7842105263157895,0.8461538461538461,0.6947368421052632,0.7630057803468208,984,False
0.7921052631578948,0.8627450980392157,0.6947368421052632,0.7696793002915452,985,False
0.7947368421052632,0.8414634146341463,0.7263157894736842,0.7796610169491526,986,False
0.8052631578947368,0.8493975903614458,0.7421052631578947,0.7921348314606742,987,False
0.7973684210526316,0.8087431693989071,0.7789473684210526,0.7935656836461126,988,False
0.7947368421052632,0.7916666666666666,0.8,0.7958115183246073,989,False
0.7894736842105263,0.8125,0.7526315789473684,0.7814207650273224,990,False
0.7789473684210526,0.8045977011494253,0.7368421052631579,0.7692307692307693,991,False
0.7789473684210526,0.797752808988764,0.7473684210526316,0.7717391304347826,992,False
0.7868421052631579,0.7823834196891192,0.7947368421052632,0.7885117493472585,993,False
0.8,0.8392857142857143,0.7421052631578947,0.7877094972067039,994,False
0.8105263157894737,0.8597560975609756,0.7421052631578947,0.7966101694915254,995,False
0.7868421052631579,0.7914438502673797,0.7789473684210526,0.7851458885941645,996,False
0.7894736842105263,0.8055555555555556,0.7631578947368421,0.7837837837837838,997,False
0.8052631578947368,0.8625,0.7263157894736842,0.7885714285714286,998,False
0.8,0.7740384615384616,0.8473684210526315,0.8090452261306532,999,False
