accuracy,precision,recall,f1,round,attack_active
0.5657894736842105,0.5354107648725213,0.9947368421052631,0.6961325966850829,0,False
0.7447368421052631,0.6852589641434262,0.9052631578947369,0.780045351473923,1,False
0.8131578947368421,0.7902439024390244,0.8526315789473684,0.8202531645569621,2,False
0.8184210526315789,0.8201058201058201,0.8157894736842105,0.8179419525065963,3,False
0.8105263157894737,0.8105263157894737,0.8105263157894737,0.8105263157894737,4,False
0.8078947368421052,0.8979591836734694,0.6947368421052632,0.7833827893175074,5,False
0.781578947368421,0.9572649572649573,0.5894736842105263,0.7296416938110749,6,False
0.781578947368421,0.928,0.6105263157894737,0.7365079365079366,7,False
0.8342105263157895,0.8713450292397661,0.7842105263157895,0.8254847645429363,8,False
0.7657894736842106,0.9469026548672567,0.5631578947368421,0.7062706270627063,9,False
0.7868421052631579,0.729957805907173,0.9105263157894737,0.810304449648712,10,False
0.7921052631578948,0.8775510204081632,0.6789473684210526,0.7655786350148368,11,False
0.7631578947368421,0.9385964912280702,0.5631578947368421,0.7039473684210527,12,False
0.7763157894736842,0.9338842975206612,0.5947368421052631,0.7266881028938906,13,False
0.781578947368421,0.7442922374429224,0.8578947368421053,0.7970660146699267,14,False
0.8157894736842105,0.8296703296703297,0.7947368421052632,0.8118279569892473,15,False
0.8131578947368421,0.8439306358381503,0.7684210526315789,0.8044077134986226,16,False
0.8052631578947368,0.9142857142857143,0.6736842105263158,0.7757575757575758,17,False
0.8184210526315789,0.8579881656804734,0.7631578947368421,0.807799442896936,18,False
0.7368421052631579,0.6691729323308271,0.9368421052631579,0.7807017543859649,19,False
0.7710526315789473,0.9401709401709402,0.5789473684210527,0.7166123778501629,20,False
0.8210526315789474,0.8210526315789474,0.8210526315789474,0.8210526315789474,21,False
0.8236842105263158,0.8514285714285714,0.7842105263157895,0.8164383561643835,22,False
0.7736842105263158,0.9193548387096774,0.6,0.7261146496815286,23,False
0.7552631578947369,0.9532710280373832,0.5368421052631579,0.6868686868686869,24,False
0.7921052631578948,0.9236641221374046,0.6368421052631579,0.7538940809968847,25,False
0.8052631578947368,0.8536585365853658,0.7368421052631579,0.7909604519774012,26,False
0.7421052631578947,0.9339622641509434,0.5210526315789473,0.668918918918919,27,False
0.7026315789473684,0.9753086419753086,0.41578947368421054,0.5830258302583026,28,False
0.7921052631578948,0.8827586206896552,0.6736842105263158,0.764179104477612,29,False
0.75,0.6848249027237354,0.9263157894736842,0.7874720357941835,30,False
0.7263157894736842,0.967391304347826,0.46842105263157896,0.6312056737588653,31,False
0.8,0.8653846153846154,0.7105263157894737,0.7803468208092486,32,False
0.7868421052631579,0.9037037037037037,0.6421052631578947,0.7507692307692307,33,False
0.7052631578947368,0.9534883720930233,0.43157894736842106,0.5942028985507246,34,False
0.8078947368421052,0.8305084745762712,0.7736842105263158,0.8010899182561307,35,False
0.7342105263157894,0.9494949494949495,0.49473684210526314,0.6505190311418685,36,False
0.8078947368421052,0.8545454545454545,0.7421052631578947,0.7943661971830986,37,False
0.7973684210526316,0.900709219858156,0.6684210526315789,0.7673716012084593,38,False
0.8236842105263158,0.89171974522293,0.7368421052631579,0.8069164265129684,39,False
0.8026315789473685,0.8285714285714286,0.7631578947368421,0.7945205479452054,40,False
0.8131578947368421,0.8287292817679558,0.7894736842105263,0.8086253369272237,41,False
0.8026315789473685,0.896551724137931,0.6842105263157895,0.7761194029850746,42,False
0.7736842105263158,0.7524271844660194,0.8157894736842105,0.7828282828282829,43,False
0.8131578947368421,0.8650306748466258,0.7421052631578947,0.7988668555240793,44,False
0.7684210526315789,0.9322033898305084,0.5789473684210527,0.7142857142857143,45,False
0.7657894736842106,0.7205240174672489,0.868421052631579,0.7875894988066826,46,False
0.8,0.8166666666666667,0.7736842105263158,0.7945945945945946,47,False
0.7947368421052632,0.7828282828282829,0.8157894736842105,0.7989690721649485,48,False
0.8052631578947368,0.881578947368421,0.7052631578947368,0.783625730994152,49,False
0.75,0.905982905982906,0.5578947368421052,0.6905537459283387,50,True
0.7263157894736842,0.9215686274509803,0.49473684210526314,0.6438356164383562,51,False
0.8157894736842105,0.879746835443038,0.7315789473684211,0.7988505747126436,52,False
0.6736842105263158,0.9714285714285714,0.35789473684210527,0.5230769230769231,53,True
0.7078947368421052,0.9540229885057471,0.4368421052631579,0.5992779783393501,54,False
0.7736842105263158,0.9333333333333333,0.5894736842105263,0.7225806451612903,55,False
0.8105263157894737,0.8641975308641975,0.7368421052631579,0.7954545454545454,56,True
0.8184210526315789,0.8379888268156425,0.7894736842105263,0.8130081300813008,57,False
0.8052631578947368,0.79,0.8315789473684211,0.8102564102564103,58,False
0.8052631578947368,0.8152173913043478,0.7894736842105263,0.8021390374331551,59,True
0.7736842105263158,0.7148760330578512,0.9105263157894737,0.8009259259259259,60,False
0.8026315789473685,0.7889447236180904,0.8263157894736842,0.8071979434447301,61,False
0.8157894736842105,0.8296703296703297,0.7947368421052632,0.8118279569892473,62,True
0.7842105263157895,0.9285714285714286,0.6157894736842106,0.740506329113924,63,False
0.7842105263157895,0.9153846153846154,0.6263157894736842,0.74375,64,False
0.7947368421052632,0.7978723404255319,0.7894736842105263,0.7936507936507936,65,True
0.7526315789473684,0.9615384615384616,0.5263157894736842,0.6802721088435374,66,False
0.8263157894736842,0.8563218390804598,0.7842105263157895,0.8186813186813187,67,False
0.8105263157894737,0.8138297872340425,0.8052631578947368,0.8095238095238095,68,True
0.8157894736842105,0.8125,0.8210526315789474,0.8167539267015707,69,False
0.781578947368421,0.7257383966244726,0.9052631578947369,0.8056206088992974,70,False
0.8105263157894737,0.9097222222222222,0.6894736842105263,0.7844311377245509,71,True
0.7631578947368421,0.7083333333333334,0.8947368421052632,0.7906976744186046,72,False
0.8078947368421052,0.8679245283018868,0.7263157894736842,0.7908309455587392,73,False
0.8078947368421052,0.8545454545454545,0.7421052631578947,0.7943661971830986,74,True
0.8026315789473685,0.7832512315270936,0.8368421052631579,0.8091603053435115,75,False
0.7868421052631579,0.755868544600939,0.8473684210526315,0.7990074441687345,76,False
0.7710526315789473,0.8992248062015504,0.6105263157894737,0.7272727272727273,77,True
0.7684210526315789,0.717948717948718,0.8842105263157894,0.7924528301886793,78,False
0.8184210526315789,0.8342541436464088,0.7947368421052632,0.8140161725067385,79,False
0.7631578947368421,0.6923076923076923,0.9473684210526315,0.8,80,False
0.8105263157894737,0.8831168831168831,0.7157894736842105,0.7906976744186046,81,False
0.8157894736842105,0.8614457831325302,0.7526315789473684,0.8033707865168539,82,False
0.781578947368421,0.7399103139013453,0.868421052631579,0.7990314769975787,83,False
0.6631578947368421,0.6006493506493507,0.9736842105263158,0.7429718875502008,84,False
0.7947368421052632,0.7857142857142857,0.8105263157894737,0.7979274611398963,85,False
0.7947368421052632,0.8733333333333333,0.6894736842105263,0.7705882352941177,86,False
0.7578947368421053,0.6929133858267716,0.9263157894736842,0.7927927927927928,87,False
0.8184210526315789,0.8235294117647058,0.8105263157894737,0.8169761273209549,88,False
0.7605263157894737,0.9230769230769231,0.5684210526315789,0.7035830618892508,89,False
0.8184210526315789,0.8201058201058201,0.8157894736842105,0.8179419525065963,90,False
0.7947368421052632,0.8783783783783784,0.6842105263157895,0.7692307692307693,91,False
0.7552631578947369,0.9292035398230089,0.5526315789473685,0.693069306930693,92,False
0.8078947368421052,0.8461538461538461,0.7526315789473684,0.7966573816155988,93,False
0.7684210526315789,0.7161016949152542,0.8894736842105263,0.7934272300469484,94,False
0.8236842105263158,0.8186528497409327,0.8315789473684211,0.825065274151436,95,False
0.8105263157894737,0.8010204081632653,0.8263157894736842,0.8134715025906736,96,False
0.7315789473684211,0.6594202898550725,0.9578947368421052,0.7811158798283262,97,False
0.7842105263157895,0.7673267326732673,0.8157894736842105,0.7908163265306123,98,False
0.7368421052631579,0.68,0.8947368421052632,0.7727272727272727,99,False
0.7684210526315789,0.9180327868852459,0.5894736842105263,0.717948717948718,100,False
0.75,0.9130434782608695,0.5526315789473685,0.6885245901639344,101,False
0.7631578947368421,0.9166666666666666,0.5789473684210527,0.7096774193548387,102,False
0.6894736842105263,0.6232876712328768,0.9578947368421052,0.7551867219917012,103,False
0.7736842105263158,0.9193548387096774,0.6,0.7261146496815286,104,False
0.8,0.8607594936708861,0.7157894736842105,0.7816091954022989,105,False
0.7921052631578948,0.8404907975460123,0.7210526315789474,0.7762039660056658,106,False
0.7973684210526316,0.8087431693989071,0.7789473684210526,0.7935656836461126,107,False
0.8105263157894737,0.8641975308641975,0.7368421052631579,0.7954545454545454,108,False
0.7394736842105263,0.6704119850187266,0.9421052631578948,0.7833698030634574,109,False
0.7789473684210526,0.7523809523809524,0.8315789473684211,0.79,110,False
0.8078947368421052,0.8774193548387097,0.7157894736842105,0.7884057971014493,111,False
0.8157894736842105,0.8448275862068966,0.7736842105263158,0.8076923076923077,112,False
0.7842105263157895,0.8253012048192772,0.7210526315789474,0.7696629213483146,113,False
0.7842105263157895,0.8417721518987342,0.7,0.764367816091954,114,False
0.7868421052631579,0.8303030303030303,0.7210526315789474,0.7718309859154929,115,False
0.8052631578947368,0.8372093023255814,0.7578947368421053,0.7955801104972375,116,False
0.7605263157894737,0.7124463519313304,0.8736842105263158,0.7848699763593381,117,False
0.7947368421052632,0.8333333333333334,0.7368421052631579,0.7821229050279329,118,False
0.7631578947368421,0.7427184466019418,0.8052631578947368,0.7727272727272727,119,False
0.7789473684210526,0.7676767676767676,0.8,0.7835051546391752,120,False
0.7763157894736842,0.7837837837837838,0.7631578947368421,0.7733333333333333,121,False
0.7763157894736842,0.8776978417266187,0.6421052631578947,0.7416413373860182,122,False
0.7947368421052632,0.8636363636363636,0.7,0.7732558139534884,123,False
0.7947368421052632,0.8294117647058824,0.7421052631578947,0.7833333333333333,124,False
0.7921052631578948,0.7905759162303665,0.7947368421052632,0.7926509186351706,125,False
0.7552631578947369,0.9619047619047619,0.531578947368421,0.6847457627118644,126,False
0.7973684210526316,0.8021390374331551,0.7894736842105263,0.7957559681697612,127,False
0.8,0.8607594936708861,0.7157894736842105,0.7816091954022989,128,False
0.7947368421052632,0.9242424242424242,0.6421052631578947,0.7577639751552795,129,False
0.7921052631578948,0.7581395348837209,0.8578947368421053,0.8049382716049382,130,False
0.781578947368421,0.7442922374429224,0.8578947368421053,0.7970660146699267,131,False
0.8,0.8904109589041096,0.6842105263157895,0.7738095238095238,132,False
0.8,0.8518518518518519,0.7263157894736842,0.7840909090909091,133,False
0.8,0.8851351351351351,0.6894736842105263,0.7751479289940828,134,False
0.7973684210526316,0.8424242424242424,0.7315789473684211,0.7830985915492957,135,False
0.7947368421052632,0.7947368421052632,0.7947368421052632,0.7947368421052632,136,False
0.8052631578947368,0.8333333333333334,0.7631578947368421,0.7967032967032966,137,False
0.8052631578947368,0.8052631578947368,0.8052631578947368,0.8052631578947368,138,False
0.7789473684210526,0.7572815533980582,0.8210526315789474,0.7878787878787878,139,False
0.7710526315789473,0.7587939698492462,0.7947368421052632,0.7763496143958869,140,False
0.8052631578947368,0.8625,0.7263157894736842,0.7885714285714286,141,False
0.7842105263157895,0.8970588235294118,0.6421052631578947,0.7484662576687117,142,False
0.7605263157894737,0.9159663865546218,0.5736842105263158,0.7055016181229773,143,False
0.7894736842105263,0.9044117647058824,0.6473684210526316,0.754601226993865,144,False
0.7973684210526316,0.8121546961325967,0.7736842105263158,0.7924528301886793,145,False
0.8052631578947368,0.8625,0.7263157894736842,0.7885714285714286,146,False
0.7973684210526316,0.8021390374331551,0.7894736842105263,0.7957559681697612,147,False
0.7947368421052632,0.7857142857142857,0.8105263157894737,0.7979274611398963,148,False
0.7789473684210526,0.7598039215686274,0.8157894736842105,0.7868020304568528,149,False
0.7973684210526316,0.8424242424242424,0.7315789473684211,0.7830985915492957,150,False
0.7947368421052632,0.8373493975903614,0.7315789473684211,0.7808988764044944,151,False
0.7921052631578948,0.7557603686635944,0.8631578947368421,0.8058968058968059,152,False
0.75,0.6907630522088354,0.9052631578947369,0.7835990888382688,153,False
0.8,0.8275862068965517,0.7578947368421053,0.7912087912087912,154,False
0.7763157894736842,0.9338842975206612,0.5947368421052631,0.7266881028938906,155,False
0.7868421052631579,0.7766497461928934,0.8052631578947368,0.7906976744186046,156,False
0.8052631578947368,0.8295454545454546,0.7684210526315789,0.7978142076502732,157,False
0.8,0.8701298701298701,0.7052631578947368,0.7790697674418605,158,False
0.8078947368421052,0.838150289017341,0.7631578947368421,0.7988980716253443,159,False
0.7973684210526316,0.8843537414965986,0.6842105263157895,0.771513353115727,160,False
0.8105263157894737,0.8206521739130435,0.7947368421052632,0.8074866310160428,161,False
0.7947368421052632,0.7393162393162394,0.9105263157894737,0.8160377358490566,162,False
0.8052631578947368,0.7989690721649485,0.8157894736842105,0.8072916666666666,163,False
0.7921052631578948,0.7534246575342466,0.868421052631579,0.8068459657701712,164,False
0.7789473684210526,0.9206349206349206,0.6105263157894737,0.7341772151898734,165,False
0.8105263157894737,0.8831168831168831,0.7157894736842105,0.7906976744186046,166,False
0.8078947368421052,0.8679245283018868,0.7263157894736842,0.7908309455587392,167,False
0.8052631578947368,0.8222222222222222,0.7789473684210526,0.8,168,False
0.8105263157894737,0.86875,0.7315789473684211,0.7942857142857143,169,False
0.7973684210526316,0.8383233532934131,0.7368421052631579,0.7843137254901961,170,False
0.7868421052631579,0.7261410788381742,0.9210526315789473,0.8120649651972158,171,False
0.8026315789473685,0.8248587570621468,0.7684210526315789,0.7956403269754768,172,False
0.8131578947368421,0.847953216374269,0.7631578947368421,0.8033240997229917,173,False
0.8157894736842105,0.8448275862068966,0.7736842105263158,0.8076923076923077,174,False
0.8,0.7878787878787878,0.8210526315789474,0.8041237113402062,175,False
0.8,0.7794117647058824,0.8368421052631579,0.8071065989847716,176,False
0.8026315789473685,0.8142076502732241,0.7842105263157895,0.7989276139410187,177,False
0.8026315789473685,0.8323699421965318,0.7578947368421053,0.7933884297520661,178,False
0.7842105263157895,0.921875,0.6210526315789474,0.7421383647798742,179,False
0.8131578947368421,0.8361581920903954,0.7789473684210526,0.8065395095367848,180,False
0.8,0.796875,0.8052631578947368,0.8010471204188482,181,False
0.8105263157894737,0.7892156862745098,0.8473684210526315,0.817258883248731,182,False
0.8052631578947368,0.8052631578947368,0.8052631578947368,0.8052631578947368,183,False
0.7973684210526316,0.7958115183246073,0.8,0.7979002624671916,184,False
0.7921052631578948,0.7283950617283951,0.9315789473684211,0.8175519630484989,185,False
0.7868421052631579,0.7766497461928934,0.8052631578947368,0.7906976744186046,186,False
0.7947368421052632,0.8636363636363636,0.7,0.7732558139534884,187,False
0.7736842105263158,0.9,0.6157894736842106,0.73125,188,False
0.8,0.8653846153846154,0.7105263157894737,0.7803468208092486,189,False
0.7921052631578948,0.9111111111111111,0.6473684210526316,0.7569230769230769,190,False
0.8026315789473685,0.7625570776255708,0.8789473684210526,0.8166259168704156,191,False
0.8,0.8,0.8,0.8,192,False
0.7947368421052632,0.7857142857142857,0.8105263157894737,0.7979274611398963,193,False
0.8026315789473685,0.8402366863905325,0.7473684210526316,0.7910863509749304,194,False
0.8157894736842105,0.8529411764705882,0.7631578947368421,0.8055555555555556,195,False
0.7894736842105263,0.8273809523809523,0.7315789473684211,0.776536312849162,196,False
0.8105263157894737,0.8470588235294118,0.7578947368421053,0.8,197,False
0.8078947368421052,0.8502994011976048,0.7473684210526316,0.7955182072829131,198,False
0.8105263157894737,0.8072916666666666,0.8157894736842105,0.8115183246073299,199,False
0.8,0.8607594936708861,0.7157894736842105,0.7816091954022989,200,False
0.8052631578947368,0.8333333333333334,0.7631578947368421,0.7967032967032966,201,False
0.8157894736842105,0.803030303030303,0.8368421052631579,0.8195876288659794,202,False
0.8184210526315789,0.8009950248756219,0.8473684210526315,0.8235294117647058,203,False
0.7921052631578948,0.8827586206896552,0.6736842105263158,0.764179104477612,204,False
0.8052631578947368,0.8333333333333334,0.7631578947368421,0.7967032967032966,205,False
0.7973684210526316,0.748898678414097,0.8947368421052632,0.815347721822542,206,False
0.8105263157894737,0.8314606741573034,0.7789473684210526,0.8043478260869565,207,False
0.7921052631578948,0.7381974248927039,0.9052631578947369,0.8132387706855791,208,False
0.7789473684210526,0.9076923076923077,0.6210526315789474,0.7375,209,False
0.7868421052631579,0.8920863309352518,0.6526315789473685,0.7537993920972644,210,False
0.8026315789473685,0.8807947019867549,0.7,0.7800586510263929,211,False
0.7736842105263158,0.90625,0.6105263157894737,0.7295597484276729,212,False
0.7868421052631579,0.8865248226950354,0.6578947368421053,0.7552870090634441,213,False
0.8184210526315789,0.8497109826589595,0.7736842105263158,0.8099173553719008,214,False
0.7947368421052632,0.8589743589743589,0.7052631578947368,0.7745664739884393,215,False
0.7631578947368421,0.7032520325203252,0.9105263157894737,0.7935779816513762,216,False
0.7894736842105263,0.9166666666666666,0.6368421052631579,0.7515527950310559,217,False
0.7921052631578948,0.8580645161290322,0.7,0.7710144927536232,218,False
0.7921052631578948,0.7967914438502673,0.7842105263157895,0.7904509283819628,219,False
0.7894736842105263,0.7455357142857143,0.8789473684210526,0.8067632850241546,220,False
0.8026315789473685,0.844311377245509,0.7421052631578947,0.7899159663865546,221,False
0.7947368421052632,0.8636363636363636,0.7,0.7732558139534884,222,False
0.8026315789473685,0.8709677419354839,0.7105263157894737,0.782608695652174,223,False
0.7973684210526316,0.8509316770186336,0.7210526315789474,0.7806267806267806,224,False
0.7868421052631579,0.8707482993197279,0.6736842105263158,0.7596439169139466,225,False
0.7763157894736842,0.9007633587786259,0.6210526315789474,0.735202492211838,226,False
0.7868421052631579,0.916030534351145,0.631578947368421,0.7476635514018691,227,False
0.7710526315789473,0.912,0.6,0.7238095238095238,228,False
0.8026315789473685,0.8362573099415205,0.7526315789473684,0.7922437673130194,229,False
0.7526315789473684,0.9363636363636364,0.5421052631578948,0.6866666666666666,230,False
0.7842105263157895,0.8698630136986302,0.6684210526315789,0.7559523809523809,231,False
0.7973684210526316,0.8054054054054054,0.7842105263157895,0.7946666666666666,232,False
0.8078947368421052,0.8128342245989305,0.8,0.8063660477453581,233,False
0.7921052631578948,0.8135593220338984,0.7578947368421053,0.784741144414169,234,False
0.8105263157894737,0.8241758241758241,0.7894736842105263,0.8064516129032258,235,False
0.8052631578947368,0.7871287128712872,0.8368421052631579,0.8112244897959183,236,False
0.8105263157894737,0.8072916666666666,0.8157894736842105,0.8115183246073299,237,False
0.7973684210526316,0.7729468599033816,0.8421052631578947,0.8060453400503779,238,False
0.7894736842105263,0.7619047619047619,0.8421052631578947,0.8,239,False
0.8105263157894737,0.8105263157894737,0.8105263157894737,0.8105263157894737,240,False
0.8,0.7821782178217822,0.8315789473684211,0.8061224489795918,241,False
0.8105263157894737,0.8390804597701149,0.7684210526315789,0.8021978021978022,242,False
0.8131578947368421,0.8216216216216217,0.8,0.8106666666666666,243,False
0.7684210526315789,0.9180327868852459,0.5894736842105263,0.717948717948718,244,False
0.7736842105263158,0.7241379310344828,0.8842105263157894,0.7962085308056872,245,False
0.8,0.8958333333333334,0.6789473684210526,0.7724550898203593,246,False
0.8105263157894737,0.8314606741573034,0.7789473684210526,0.8043478260869565,247,False
0.8078947368421052,0.920863309352518,0.6736842105263158,0.7781155015197568,248,False
0.8026315789473685,0.8010471204188482,0.8052631578947368,0.8031496062992126,249,False
0.8105263157894737,0.8782051282051282,0.7210526315789474,0.791907514450867,250,False
0.8078947368421052,0.838150289017341,0.7631578947368421,0.7988980716253443,251,False
0.8131578947368421,0.8287292817679558,0.7894736842105263,0.8086253369272237,252,False
0.8131578947368421,0.84,0.7736842105263158,0.8054794520547945,253,False
0.8157894736842105,0.8125,0.8210526315789474,0.8167539267015707,254,False
0.8,0.7688679245283019,0.8578947368421053,0.8109452736318408,255,False
0.8210526315789474,0.8112244897959183,0.8368421052631579,0.8238341968911918,256,False
0.8,0.8131868131868132,0.7789473684210526,0.7956989247311828,257,False
0.8131578947368421,0.8695652173913043,0.7368421052631579,0.7977207977207977,258,False
0.8184210526315789,0.827027027027027,0.8052631578947368,0.816,259,False
0.8157894736842105,0.8658536585365854,0.7473684210526316,0.8022598870056498,260,False
0.8131578947368421,0.8181818181818182,0.8052631578947368,0.8116710875331565,261,False
0.8131578947368421,0.84,0.7736842105263158,0.8054794520547945,262,False
0.8210526315789474,0.8630952380952381,0.7631578947368421,0.8100558659217877,263,False
0.8157894736842105,0.8092783505154639,0.8263157894736842,0.8177083333333334,264,False
0.8131578947368421,0.8148148148148148,0.8105263157894737,0.8126649076517151,265,False
0.8052631578947368,0.8295454545454546,0.7684210526315789,0.7978142076502732,266,False
0.8210526315789474,0.8719512195121951,0.7526315789473684,0.807909604519774,267,False
0.8157894736842105,0.8260869565217391,0.8,0.8128342245989305,268,False
0.7421052631578947,0.9107142857142857,0.5368421052631579,0.6754966887417219,269,False
0.781578947368421,0.720164609053498,0.9210526315789473,0.8083140877598153,270,False
0.8131578947368421,0.8148148148148148,0.8105263157894737,0.8126649076517151,271,False
0.8052631578947368,0.79,0.8315789473684211,0.8102564102564103,272,False
0.8157894736842105,0.8333333333333334,0.7894736842105263,0.8108108108108109,273,False
0.8210526315789474,0.8351648351648352,0.8,0.8172043010752689,274,False
0.8026315789473685,0.8616352201257862,0.7210526315789474,0.7851002865329513,275,False
0.8131578947368421,0.8287292817679558,0.7894736842105263,0.8086253369272237,276,False
0.8052631578947368,0.881578947368421,0.7052631578947368,0.783625730994152,277,False
0.8078947368421052,0.8633540372670807,0.7315789473684211,0.792022792022792,278,False
0.8157894736842105,0.8296703296703297,0.7947368421052632,0.8118279569892473,279,False
0.7947368421052632,0.85,0.7157894736842105,0.7771428571428571,280,False
0.7710526315789473,0.9478260869565217,0.5736842105263158,0.7147540983606557,281,False
0.7263157894736842,0.967391304347826,0.46842105263157896,0.6312056737588653,282,False
0.7947368421052632,0.7692307692307693,0.8421052631578947,0.8040201005025126,283,False
0.7973684210526316,0.8509316770186336,0.7210526315789474,0.7806267806267806,284,False
0.7842105263157895,0.8802816901408451,0.6578947368421053,0.7530120481927711,285,False
0.7842105263157895,0.8648648648648649,0.6736842105263158,0.757396449704142,286,False
0.8,0.85625,0.7210526315789474,0.7828571428571428,287,False
0.8,0.8475609756097561,0.7315789473684211,0.7853107344632768,288,False
0.7921052631578948,0.8066298342541437,0.7684210526315789,0.7870619946091644,289,False
0.7921052631578948,0.8627450980392157,0.6947368421052632,0.7696793002915452,290,False
0.7631578947368421,0.7136752136752137,0.8789473684210526,0.7877358490566038,291,False
0.7947368421052632,0.8010752688172043,0.7842105263157895,0.7925531914893617,292,False
0.7526315789473684,0.9067796610169492,0.5631578947368421,0.6948051948051948,293,False
0.7657894736842106,0.904,0.5947368421052631,0.7174603174603175,294,False
0.7868421052631579,0.8044692737430168,0.7578947368421053,0.7804878048780488,295,False
0.7789473684210526,0.8581081081081081,0.6684210526315789,0.7514792899408284,296,False
0.8078947368421052,0.8502994011976048,0.7473684210526316,0.7955182072829131,297,False
0.8078947368421052,0.8128342245989305,0.8,0.8063660477453581,298,False
0.7684210526315789,0.875,0.6263157894736842,0.7300613496932515,299,False
0.7763157894736842,0.7488151658767772,0.8315789473684211,0.7880299251870324,300,False
0.8,0.8064516129032258,0.7894736842105263,0.7978723404255319,301,False
0.7894736842105263,0.775,0.8157894736842105,0.7948717948717948,302,False
0.8052631578947368,0.8452380952380952,0.7473684210526316,0.7932960893854749,303,False
0.8,0.875,0.7,0.7777777777777778,304,False
0.7947368421052632,0.8414634146341463,0.7263157894736842,0.7796610169491526,305,False
0.7894736842105263,0.7644230769230769,0.8368421052631579,0.7989949748743719,306,False
0.7710526315789473,0.7191489361702128,0.8894736842105263,0.7952941176470588,307,False
0.8052631578947368,0.8972602739726028,0.6894736842105263,0.7797619047619048,308,False
0.8052631578947368,0.8295454545454546,0.7684210526315789,0.7978142076502732,309,False
0.8052631578947368,0.8766233766233766,0.7105263157894737,0.7848837209302325,310,False
0.7973684210526316,0.8598726114649682,0.7105263157894737,0.7780979827089337,311,False
0.7947368421052632,0.845679012345679,0.7210526315789474,0.7784090909090909,312,False
0.7947368421052632,0.868421052631579,0.6947368421052632,0.7719298245614035,313,False
0.7973684210526316,0.8087431693989071,0.7789473684210526,0.7935656836461126,314,False
0.7947368421052632,0.8010752688172043,0.7842105263157895,0.7925531914893617,315,False
0.7894736842105263,0.7835051546391752,0.8,0.7916666666666666,316,False
0.7947368421052632,0.8733333333333333,0.6894736842105263,0.7705882352941177,317,False
0.7894736842105263,0.8666666666666667,0.6842105263157895,0.7647058823529411,318,False
0.7789473684210526,0.8785714285714286,0.6473684210526316,0.7454545454545455,319,False
0.8078947368421052,0.7969543147208121,0.8263157894736842,0.8113695090439277,320,False
0.7868421052631579,0.7684729064039408,0.8210526315789474,0.7938931297709924,321,False
0.8,0.7938144329896907,0.8105263157894737,0.8020833333333334,322,False
0.7973684210526316,0.864516129032258,0.7052631578947368,0.7768115942028986,323,False
0.8,0.8851351351351351,0.6894736842105263,0.7751479289940828,324,False
0.8052631578947368,0.8186813186813187,0.7842105263157895,0.8010752688172043,325,False
0.8105263157894737,0.8933333333333333,0.7052631578947368,0.788235294117647,326,False
0.8210526315789474,0.8426966292134831,0.7894736842105263,0.8152173913043478,327,False
0.7921052631578948,0.7655502392344498,0.8421052631578947,0.8020050125313283,328,False
0.7078947368421052,0.6376306620209059,0.9631578947368421,0.7672955974842768,329,False
0.7947368421052632,0.9242424242424242,0.6421052631578947,0.7577639751552795,330,False
0.8157894736842105,0.8529411764705882,0.7631578947368421,0.8055555555555556,331,False
0.8078947368421052,0.8342857142857143,0.7684210526315789,0.8,332,False
0.8157894736842105,0.879746835443038,0.7315789473684211,0.7988505747126436,333,False
0.8105263157894737,0.8105263157894737,0.8105263157894737,0.8105263157894737,334,False
0.8131578947368421,0.825136612021858,0.7947368421052632,0.8096514745308311,335,False
0.7789473684210526,0.9416666666666667,0.5947368421052631,0.7290322580645161,336,False
0.8105263157894737,0.8241758241758241,0.7894736842105263,0.8064516129032258,337,False
0.8105263157894737,0.8277777777777777,0.7842105263157895,0.8054054054054054,338,False
0.781578947368421,0.7420814479638009,0.8631578947368421,0.7980535279805353,339,False
0.8052631578947368,0.7989690721649485,0.8157894736842105,0.8072916666666666,340,False
0.8184210526315789,0.8497109826589595,0.7736842105263158,0.8099173553719008,341,False
0.8131578947368421,0.8838709677419355,0.7210526315789474,0.7942028985507247,342,False
0.8263157894736842,0.8369565217391305,0.8105263157894737,0.8235294117647058,343,False
0.8184210526315789,0.8167539267015707,0.8210526315789474,0.8188976377952756,344,False
0.8131578947368421,0.8082901554404145,0.8210526315789474,0.814621409921671,345,False
0.8184210526315789,0.8306010928961749,0.8,0.8150134048257373,346,False
0.8,0.875,0.7,0.7777777777777778,347,False
0.8026315789473685,0.8807947019867549,0.7,0.7800586510263929,348,False
0.8026315789473685,0.7948717948717948,0.8157894736842105,0.8051948051948052,349,False
0.8157894736842105,0.8092783505154639,0.8263157894736842,0.8177083333333334,350,False
0.8157894736842105,0.8370786516853933,0.7842105263157895,0.8097826086956522,351,False
0.8210526315789474,0.8588235294117647,0.7684210526315789,0.8111111111111111,352,False
0.8,0.7714285714285715,0.8526315789473684,0.81,353,False
0.8052631578947368,0.7989690721649485,0.8157894736842105,0.8072916666666666,354,False
0.8,0.7878787878787878,0.8210526315789474,0.8041237113402062,355,False
0.7868421052631579,0.9224806201550387,0.6263157894736842,0.7460815047021944,356,False
0.8052631578947368,0.9027777777777778,0.6842105263157895,0.7784431137724551,357,False
0.8052631578947368,0.8972602739726028,0.6894736842105263,0.7797619047619048,358,False
0.8263157894736842,0.8563218390804598,0.7842105263157895,0.8186813186813187,359,False
0.8315789473684211,0.8539325842696629,0.8,0.8260869565217391,360,False
0.8131578947368421,0.8439306358381503,0.7684210526315789,0.8044077134986226,361,False
0.8289473684210527,0.8491620111731844,0.8,0.8238482384823849,362,False
0.7973684210526316,0.864516129032258,0.7052631578947368,0.7768115942028986,363,False
0.7684210526315789,0.9322033898305084,0.5789473684210527,0.7142857142857143,364,False
0.8052631578947368,0.8118279569892473,0.7947368421052632,0.8031914893617021,365,False
0.8210526315789474,0.8351648351648352,0.8,0.8172043010752689,366,False
0.8131578947368421,0.8324022346368715,0.7842105263157895,0.8075880758807588,367,False
0.8052631578947368,0.8258426966292135,0.7736842105263158,0.7989130434782609,368,False
0.7947368421052632,0.8835616438356164,0.6789473684210526,0.7678571428571429,369,False
0.8131578947368421,0.8838709677419355,0.7210526315789474,0.7942028985507247,370,False
0.8236842105263158,0.8435754189944135,0.7947368421052632,0.8184281842818428,371,False
0.8157894736842105,0.8296703296703297,0.7947368421052632,0.8118279569892473,372,False
0.8157894736842105,0.8529411764705882,0.7631578947368421,0.8055555555555556,373,False
0.8105263157894737,0.797979797979798,0.8315789473684211,0.8144329896907216,374,False
0.7789473684210526,0.9140625,0.6157894736842106,0.7358490566037735,375,False
0.8,0.785,0.8263157894736842,0.8051282051282052,376,False
0.8105263157894737,0.8881578947368421,0.7105263157894737,0.7894736842105263,377,False
0.8052631578947368,0.8085106382978723,0.8,0.8042328042328042,378,False
0.8131578947368421,0.8695652173913043,0.7368421052631579,0.7977207977207977,379,False
0.7973684210526316,0.7868020304568528,0.8157894736842105,0.8010335917312662,380,False
0.7894736842105263,0.7894736842105263,0.7894736842105263,0.7894736842105263,381,False
0.8105263157894737,0.8470588235294118,0.7578947368421053,0.8,382,False
0.8078947368421052,0.8461538461538461,0.7526315789473684,0.7966573816155988,383,False
0.7631578947368421,0.7100840336134454,0.8894736842105263,0.7897196261682243,384,False
0.8,0.8433734939759037,0.7368421052631579,0.7865168539325843,385,False
0.7789473684210526,0.7366071428571429,0.868421052631579,0.7971014492753623,386,False
0.8,0.785,0.8263157894736842,0.8051282051282052,387,False
0.8,0.8097826086956522,0.7842105263157895,0.7967914438502673,388,False
0.7921052631578948,0.7630331753554502,0.8473684210526315,0.8029925187032418,389,False
0.7894736842105263,0.8928571428571429,0.6578947368421053,0.7575757575757576,390,False
0.8157894736842105,0.8846153846153846,0.7263157894736842,0.7976878612716763,391,False
0.7894736842105263,0.8273809523809523,0.7315789473684211,0.776536312849162,392,False
0.8,0.875,0.7,0.7777777777777778,393,False
0.8157894736842105,0.8448275862068966,0.7736842105263158,0.8076923076923077,394,False
0.7894736842105263,0.9230769230769231,0.631578947368421,0.75,395,False
0.8105263157894737,0.7920792079207921,0.8421052631578947,0.8163265306122449,396,False
0.8236842105263158,0.8186528497409327,0.8315789473684211,0.825065274151436,397,False
0.8131578947368421,0.8181818181818182,0.8052631578947368,0.8116710875331565,398,False
0.8210526315789474,0.8630952380952381,0.7631578947368421,0.8100558659217877,399,False
0.8078947368421052,0.819672131147541,0.7894736842105263,0.8042895442359249,400,False
0.8105263157894737,0.8010204081632653,0.8263157894736842,0.8134715025906736,401,False
0.8105263157894737,0.8430232558139535,0.7631578947368421,0.8011049723756906,402,False
0.8105263157894737,0.8138297872340425,0.8052631578947368,0.8095238095238095,403,False
0.8184210526315789,0.8102564102564103,0.8315789473684211,0.8207792207792208,404,False
0.8078947368421052,0.7853658536585366,0.8473684210526315,0.8151898734177215,405,False
0.8105263157894737,0.8734177215189873,0.7263157894736842,0.7931034482758621,406,False
0.8105263157894737,0.8138297872340425,0.8052631578947368,0.8095238095238095,407,False
0.8184210526315789,0.8457142857142858,0.7789473684210526,0.810958904109589,408,False
0.8263157894736842,0.8734939759036144,0.7631578947368421,0.8146067415730337,409,False
0.8105263157894737,0.7920792079207921,0.8421052631578947,0.8163265306122449,410,False
0.8052631578947368,0.7710280373831776,0.868421052631579,0.8168316831683168,411,False
0.8210526315789474,0.8144329896907216,0.8315789473684211,0.8229166666666666,412,False
0.8052631578947368,0.7685185185185185,0.8736842105263158,0.8177339901477833,413,False
0.8131578947368421,0.84,0.7736842105263158,0.8054794520547945,414,False
0.8210526315789474,0.9013157894736842,0.7210526315789474,0.8011695906432749,415,False
0.8052631578947368,0.7612612612612613,0.8894736842105263,0.8203883495145631,416,False
0.7973684210526316,0.9064748201438849,0.6631578947368421,0.7659574468085106,417,False
0.8105263157894737,0.8277777777777777,0.7842105263157895,0.8054054054054054,418,False
0.7947368421052632,0.7545454545454545,0.8736842105263158,0.8097560975609757,419,False
0.8105263157894737,0.8277777777777777,0.7842105263157895,0.8054054054054054,420,False
0.8236842105263158,0.8435754189944135,0.7947368421052632,0.8184281842818428,421,False
0.8184210526315789,0.8538011695906432,0.7684210526315789,0.8088642659279779,422,False
0.8026315789473685,0.8616352201257862,0.7210526315789474,0.7851002865329513,423,False
0.8105263157894737,0.8352272727272727,0.7736842105263158,0.8032786885245902,424,False
0.8131578947368421,0.8361581920903954,0.7789473684210526,0.8065395095367848,425,False
0.8184210526315789,0.827027027027027,0.8052631578947368,0.816,426,False
0.8026315789473685,0.8010471204188482,0.8052631578947368,0.8031496062992126,427,False
0.8157894736842105,0.8296703296703297,0.7947368421052632,0.8118279569892473,428,False
0.7973684210526316,0.9064748201438849,0.6631578947368421,0.7659574468085106,429,False
0.8263157894736842,0.8974358974358975,0.7368421052631579,0.8092485549132948,430,False
0.8368421052631579,0.8902439024390244,0.7684210526315789,0.8248587570621468,431,False
0.8236842105263158,0.8121827411167513,0.8421052631578947,0.8268733850129198,432,False
0.8263157894736842,0.8229166666666666,0.8315789473684211,0.8272251308900523,433,False
0.8210526315789474,0.8177083333333334,0.8263157894736842,0.8219895287958116,434,False
0.8210526315789474,0.8505747126436781,0.7789473684210526,0.8131868131868132,435,False
0.8236842105263158,0.8324324324324325,0.8105263157894737,0.8213333333333334,436,False
0.8026315789473685,0.8142076502732241,0.7842105263157895,0.7989276139410187,437,False
0.8078947368421052,0.8162162162162162,0.7947368421052632,0.8053333333333333,438,False
0.8157894736842105,0.8333333333333334,0.7894736842105263,0.8108108108108109,439,False
0.8026315789473685,0.7918781725888325,0.8210526315789474,0.8062015503875969,440,False
0.8184210526315789,0.8167539267015707,0.8210526315789474,0.8188976377952756,441,False
0.7921052631578948,0.8936170212765957,0.6631578947368421,0.7613293051359517,442,False
0.7973684210526316,0.8383233532934131,0.7368421052631579,0.7843137254901961,443,False
0.8026315789473685,0.8402366863905325,0.7473684210526316,0.7910863509749304,444,False
0.8052631578947368,0.8295454545454546,0.7684210526315789,0.7978142076502732,445,False
0.8026315789473685,0.8042328042328042,0.8,0.8021108179419525,446,False
0.7921052631578948,0.8171428571428572,0.7526315789473684,0.7835616438356164,447,False
0.8052631578947368,0.8118279569892473,0.7947368421052632,0.8031914893617021,448,False
0.7973684210526316,0.8304093567251462,0.7473684210526316,0.7867036011080333,449,False
0.7921052631578948,0.74235807860262,0.8947368421052632,0.8114558472553699,450,False
0.7789473684210526,0.7245762711864406,0.9,0.8028169014084507,451,False
0.7947368421052632,0.788659793814433,0.8052631578947368,0.796875,452,False
0.7842105263157895,0.7432432432432432,0.868421052631579,0.8009708737864077,453,False
0.781578947368421,0.7715736040609137,0.8,0.7855297157622739,454,False
0.7947368421052632,0.8373493975903614,0.7315789473684211,0.7808988764044944,455,False
0.7921052631578948,0.8535031847133758,0.7052631578947368,0.7723342939481268,456,False
0.8,0.8433734939759037,0.7368421052631579,0.7865168539325843,457,False
0.7947368421052632,0.8076923076923077,0.7736842105263158,0.7903225806451613,458,False
0.7947368421052632,0.8146067415730337,0.7631578947368421,0.7880434782608695,459,False
0.8026315789473685,0.8362573099415205,0.7526315789473684,0.7922437673130194,460,False
0.781578947368421,0.8322981366459627,0.7052631578947368,0.7635327635327636,461,False
0.7736842105263158,0.8823529411764706,0.631578947368421,0.7361963190184049,462,False
0.8,0.8352941176470589,0.7473684210526316,0.7888888888888889,463,False
0.8026315789473685,0.8010471204188482,0.8052631578947368,0.8031496062992126,464,False
0.8026315789473685,0.7979274611398963,0.8105263157894737,0.804177545691906,465,False
0.7394736842105263,0.9252336448598131,0.5210526315789473,0.6666666666666666,466,False
0.7921052631578948,0.84472049689441,0.7157894736842105,0.7749287749287749,467,False
0.8078947368421052,0.8031088082901554,0.8157894736842105,0.8093994778067886,468,False
0.8026315789473685,0.7777777777777778,0.8473684210526315,0.8110831234256927,469,False
0.7868421052631579,0.8471337579617835,0.7,0.7665706051873199,470,False
0.7947368421052632,0.8294117647058824,0.7421052631578947,0.7833333333333333,471,False
0.8026315789473685,0.8142076502732241,0.7842105263157895,0.7989276139410187,472,False
0.8105263157894737,0.797979797979798,0.8315789473684211,0.8144329896907216,473,False
0.8052631578947368,0.8085106382978723,0.8,0.8042328042328042,474,False
0.781578947368421,0.8165680473372781,0.7263157894736842,0.7688022284122563,475,False
0.7973684210526316,0.8087431693989071,0.7789473684210526,0.7935656836461126,476,False
0.8105263157894737,0.797979797979798,0.8315789473684211,0.8144329896907216,477,False
0.7894736842105263,0.8089887640449438,0.7578947368421053,0.782608695652174,478,False
0.7921052631578948,0.8535031847133758,0.7052631578947368,0.7723342939481268,479,False
0.8105263157894737,0.8277777777777777,0.7842105263157895,0.8054054054054054,480,False
0.8,0.8097826086956522,0.7842105263157895,0.7967914438502673,481,False
0.7842105263157895,0.8068181818181818,0.7473684210526316,0.7759562841530054,482,False
0.7894736842105263,0.8273809523809523,0.7315789473684211,0.776536312849162,483,False
0.7947368421052632,0.7947368421052632,0.7947368421052632,0.7947368421052632,484,False
0.7894736842105263,0.8273809523809523,0.7315789473684211,0.776536312849162,485,False
0.7868421052631579,0.7607655502392344,0.8368421052631579,0.7969924812030075,486,False
0.7947368421052632,0.8218390804597702,0.7526315789473684,0.7857142857142857,487,False
0.7973684210526316,0.8121546961325967,0.7736842105263158,0.7924528301886793,488,False
0.781578947368421,0.8364779874213837,0.7,0.7621776504297995,489,False
0.7973684210526316,0.8021390374331551,0.7894736842105263,0.7957559681697612,490,False
0.8052631578947368,0.8052631578947368,0.8052631578947368,0.8052631578947368,491,False
0.7921052631578948,0.7817258883248731,0.8105263157894737,0.7958656330749354,492,False
0.781578947368421,0.7688442211055276,0.8052631578947368,0.7866323907455013,493,False
0.7973684210526316,0.8156424581005587,0.7684210526315789,0.7913279132791328,494,False
0.7789473684210526,0.8441558441558441,0.6842105263157895,0.7558139534883721,495,False
0.7842105263157895,0.8552631578947368,0.6842105263157895,0.7602339181286549,496,False
0.8,0.8166666666666667,0.7736842105263158,0.7945945945945946,497,False
0.8026315789473685,0.8142076502732241,0.7842105263157895,0.7989276139410187,498,False
0.7921052631578948,0.8066298342541437,0.7684210526315789,0.7870619946091644,499,False
0.8026315789473685,0.8212290502793296,0.7736842105263158,0.7967479674796748,500,False
0.8,0.8097826086956522,0.7842105263157895,0.7967914438502673,501,False
0.7973684210526316,0.834319526627219,0.7421052631578947,0.7855153203342619,502,False
0.8,0.7638888888888888,0.868421052631579,0.812807881773399,503,False
0.8,0.8475609756097561,0.7315789473684211,0.7853107344632768,504,False
0.8,0.7878787878787878,0.8210526315789474,0.8041237113402062,505,False
0.7842105263157895,0.7727272727272727,0.8052631578947368,0.788659793814433,506,False
0.7868421052631579,0.7794871794871795,0.8,0.7896103896103897,507,False
0.7973684210526316,0.8843537414965986,0.6842105263157895,0.771513353115727,508,False
0.8078947368421052,0.8461538461538461,0.7526315789473684,0.7966573816155988,509,False
0.8078947368421052,0.8421052631578947,0.7578947368421053,0.7977839335180056,510,False
0.8131578947368421,0.8148148148148148,0.8105263157894737,0.8126649076517151,511,False
0.8105263157894737,0.8010204081632653,0.8263157894736842,0.8134715025906736,512,False
0.8105263157894737,0.8206521739130435,0.7947368421052632,0.8074866310160428,513,False
0.8105263157894737,0.8172043010752689,0.8,0.8085106382978723,514,False
0.8052631578947368,0.8333333333333334,0.7631578947368421,0.7967032967032966,515,False
0.8052631578947368,0.8536585365853658,0.7368421052631579,0.7909604519774012,516,False
0.8184210526315789,0.827027027027027,0.8052631578947368,0.816,517,False
0.8131578947368421,0.8287292817679558,0.7894736842105263,0.8086253369272237,518,False
0.8052631578947368,0.8372093023255814,0.7578947368421053,0.7955801104972375,519,False
0.8052631578947368,0.8452380952380952,0.7473684210526316,0.7932960893854749,520,False
0.8105263157894737,0.780952380952381,0.8631578947368421,0.82,521,False
0.8078947368421052,0.8268156424581006,0.7789473684210526,0.8021680216802168,522,False
0.8157894736842105,0.8092783505154639,0.8263157894736842,0.8177083333333334,523,False
0.8184210526315789,0.8009950248756219,0.8473684210526315,0.8235294117647058,524,False
0.7894736842105263,0.8525641025641025,0.7,0.7687861271676301,525,False
0.8026315789473685,0.8362573099415205,0.7526315789473684,0.7922437673130194,526,False
0.8026315789473685,0.8108108108108109,0.7894736842105263,0.8,527,False
0.7894736842105263,0.8235294117647058,0.7368421052631579,0.7777777777777778,528,False
0.7894736842105263,0.8767123287671232,0.6736842105263158,0.7619047619047619,529,False
0.7973684210526316,0.8228571428571428,0.7578947368421053,0.7890410958904109,530,False
0.8052631578947368,0.8452380952380952,0.7473684210526316,0.7932960893854749,531,False
0.8026315789473685,0.8142076502732241,0.7842105263157895,0.7989276139410187,532,False
0.7921052631578948,0.8535031847133758,0.7052631578947368,0.7723342939481268,533,False
0.8,0.8392857142857143,0.7421052631578947,0.7877094972067039,534,False
0.8,0.8518518518518519,0.7263157894736842,0.7840909090909091,535,False
0.7947368421052632,0.8218390804597702,0.7526315789473684,0.7857142857142857,536,False
0.8026315789473685,0.8402366863905325,0.7473684210526316,0.7910863509749304,537,False
0.8026315789473685,0.7699530516431925,0.8631578947368421,0.8138957816377171,538,False
0.7868421052631579,0.8865248226950354,0.6578947368421053,0.7552870090634441,539,False
0.7947368421052632,0.8544303797468354,0.7105263157894737,0.7758620689655172,540,False
0.8052631578947368,0.7959183673469388,0.8210526315789474,0.8082901554404145,541,False
0.8,0.875,0.7,0.7777777777777778,542,False
0.8026315789473685,0.7860696517412935,0.8315789473684211,0.8081841432225064,543,False
0.7973684210526316,0.8265895953757225,0.7526315789473684,0.7878787878787878,544,False
0.8,0.8275862068965517,0.7578947368421053,0.7912087912087912,545,False
0.7921052631578948,0.7905759162303665,0.7947368421052632,0.7926509186351706,546,False
0.7973684210526316,0.8383233532934131,0.7368421052631579,0.7843137254901961,547,False
0.8052631578947368,0.8372093023255814,0.7578947368421053,0.7955801104972375,548,False
0.8026315789473685,0.8010471204188482,0.8052631578947368,0.8031496062992126,549,False
0.8,0.7740384615384616,0.8473684210526315,0.8090452261306532,550,False
0.7894736842105263,0.7696078431372549,0.8263157894736842,0.7969543147208121,551,False
0.7842105263157895,0.7727272727272727,0.8052631578947368,0.788659793814433,552,False
0.7842105263157895,0.7596153846153846,0.8315789473684211,0.7939698492462312,553,False
0.7868421052631579,0.8263473053892215,0.7263157894736842,0.773109243697479,554,False
0.781578947368421,0.786096256684492,0.7736842105263158,0.7798408488063661,555,False
0.7921052631578948,0.8490566037735849,0.7105263157894737,0.7736389684813754,556,False
0.7868421052631579,0.807909604519774,0.7526315789473684,0.779291553133515,557,False
0.7921052631578948,0.8032786885245902,0.7736842105263158,0.7882037533512064,558,False
0.781578947368421,0.7743589743589744,0.7947368421052632,0.7844155844155845,559,False
0.7973684210526316,0.8156424581005587,0.7684210526315789,0.7913279132791328,560,False
0.7921052631578948,0.7733990147783252,0.8263157894736842,0.7989821882951654,561,False
0.8052631578947368,0.8918918918918919,0.6947368421052632,0.7810650887573964,562,False
0.7947368421052632,0.9307692307692308,0.6368421052631579,0.75625,563,False
0.8078947368421052,0.8979591836734694,0.6947368421052632,0.7833827893175074,564,False
0.8052631578947368,0.8452380952380952,0.7473684210526316,0.7932960893854749,565,False
0.8078947368421052,0.8342857142857143,0.7684210526315789,0.8,566,False
0.7842105263157895,0.7213114754098361,0.9263157894736842,0.8110599078341014,567,False
0.7947368421052632,0.7916666666666666,0.8,0.7958115183246073,568,False
0.7973684210526316,0.8054054054054054,0.7842105263157895,0.7946666666666666,569,False
0.8052631578947368,0.8766233766233766,0.7105263157894737,0.7848837209302325,570,False
0.8,0.8313953488372093,0.7526315789473684,0.7900552486187845,571,False
0.7921052631578948,0.7967914438502673,0.7842105263157895,0.7904509283819628,572,False
0.7921052631578948,0.7788944723618091,0.8157894736842105,0.7969151670951157,573,False
0.8,0.7908163265306123,0.8157894736842105,0.8031088082901554,574,False
0.7947368421052632,0.8076923076923077,0.7736842105263158,0.7903225806451613,575,False
0.7973684210526316,0.7927461139896373,0.8052631578947368,0.7989556135770235,576,False
0.8157894736842105,0.9347826086956522,0.6789473684210526,0.7865853658536586,577,False
0.8078947368421052,0.8268156424581006,0.7789473684210526,0.8021680216802168,578,False
0.7973684210526316,0.8054054054054054,0.7842105263157895,0.7946666666666666,579,False
0.7921052631578948,0.8,0.7789473684210526,0.7893333333333333,580,False
0.8078947368421052,0.7881773399014779,0.8421052631578947,0.8142493638676844,581,False
0.8078947368421052,0.7881773399014779,0.8421052631578947,0.8142493638676844,582,False
0.8,0.8031914893617021,0.7947368421052632,0.798941798941799,583,False
0.7921052631578948,0.7936507936507936,0.7894736842105263,0.7915567282321899,584,False
0.8026315789473685,0.8248587570621468,0.7684210526315789,0.7956403269754768,585,False
0.8026315789473685,0.7948717948717948,0.8157894736842105,0.8051948051948052,586,False
0.7947368421052632,0.8146067415730337,0.7631578947368421,0.7880434782608695,587,False
0.8,0.759090909090909,0.8789473684210526,0.8146341463414634,588,False
0.7921052631578948,0.9302325581395349,0.631578947368421,0.7523510971786834,589,False
0.7710526315789473,0.7191489361702128,0.8894736842105263,0.7952941176470588,590,False
0.7842105263157895,0.7967032967032966,0.7631578947368421,0.7795698924731183,591,False
0.7947368421052632,0.845679012345679,0.7210526315789474,0.7784090909090909,592,False
0.7947368421052632,0.7666666666666667,0.8473684210526315,0.805,593,False
0.7842105263157895,0.8214285714285714,0.7263157894736842,0.770949720670391,594,False
0.7868421052631579,0.8114285714285714,0.7473684210526316,0.7780821917808219,595,False
0.8026315789473685,0.8323699421965318,0.7578947368421053,0.7933884297520661,596,False
0.8131578947368421,0.8650306748466258,0.7421052631578947,0.7988668555240793,597,False
0.8026315789473685,0.8362573099415205,0.7526315789473684,0.7922437673130194,598,False
0.8052631578947368,0.8085106382978723,0.8,0.8042328042328042,599,False
0.7921052631578948,0.8135593220338984,0.7578947368421053,0.784741144414169,600,False
0.8105263157894737,0.8010204081632653,0.8263157894736842,0.8134715025906736,601,False
0.8105263157894737,0.7864077669902912,0.8526315789473684,0.8181818181818182,602,False
0.7947368421052632,0.8076923076923077,0.7736842105263158,0.7903225806451613,603,False
0.8052631578947368,0.8258426966292135,0.7736842105263158,0.7989130434782609,604,False
0.7868421052631579,0.8263473053892215,0.7263157894736842,0.773109243697479,605,False
0.8,0.8097826086956522,0.7842105263157895,0.7967914438502673,606,False
0.8052631578947368,0.8152173913043478,0.7894736842105263,0.8021390374331551,607,False
0.8105263157894737,0.8352272727272727,0.7736842105263158,0.8032786885245902,608,False
0.7973684210526316,0.798941798941799,0.7947368421052632,0.7968337730870713,609,False
0.8078947368421052,0.8421052631578947,0.7578947368421053,0.7977839335180056,610,False
0.7973684210526316,0.8054054054054054,0.7842105263157895,0.7946666666666666,611,False
0.7947368421052632,0.7772277227722773,0.8263157894736842,0.8010204081632653,612,False
0.8,0.8131868131868132,0.7789473684210526,0.7956989247311828,613,False
0.8052631578947368,0.8222222222222222,0.7789473684210526,0.8,614,False
0.8078947368421052,0.8342857142857143,0.7684210526315789,0.8,615,False
0.8026315789473685,0.8323699421965318,0.7578947368421053,0.7933884297520661,616,False
0.7921052631578948,0.7655502392344498,0.8421052631578947,0.8020050125313283,617,False
0.8078947368421052,0.8633540372670807,0.7315789473684211,0.792022792022792,618,False
0.8,0.8166666666666667,0.7736842105263158,0.7945945945945946,619,False
0.8131578947368421,0.8520710059171598,0.7578947368421053,0.8022284122562674,620,False
0.8078947368421052,0.8305084745762712,0.7736842105263158,0.8010899182561307,621,False
0.8,0.7740384615384616,0.8473684210526315,0.8090452261306532,622,False
0.8105263157894737,0.8138297872340425,0.8052631578947368,0.8095238095238095,623,False
0.8026315789473685,0.8176795580110497,0.7789473684210526,0.7978436657681941,624,False
0.8105263157894737,0.8390804597701149,0.7684210526315789,0.8021978021978022,625,False
0.7763157894736842,0.723404255319149,0.8947368421052632,0.8,626,False
0.8052631578947368,0.8333333333333334,0.7631578947368421,0.7967032967032966,627,False
0.8078947368421052,0.8588957055214724,0.7368421052631579,0.7932011331444759,628,False
0.8,0.8392857142857143,0.7421052631578947,0.7877094972067039,629,False
0.8078947368421052,0.8874172185430463,0.7052631578947368,0.7859237536656891,630,False
0.8131578947368421,0.8888888888888888,0.7157894736842105,0.793002915451895,631,False
0.8131578947368421,0.8520710059171598,0.7578947368421053,0.8022284122562674,632,False
0.8131578947368421,0.8148148148148148,0.8105263157894737,0.8126649076517151,633,False
0.8105263157894737,0.8172043010752689,0.8,0.8085106382978723,634,False
0.7947368421052632,0.7545454545454545,0.8736842105263158,0.8097560975609757,635,False
0.7921052631578948,0.7605633802816901,0.8526315789473684,0.8039702233250621,636,False
0.7921052631578948,0.7788944723618091,0.8157894736842105,0.7969151670951157,637,False
0.8026315789473685,0.8616352201257862,0.7210526315789474,0.7851002865329513,638,False
0.7973684210526316,0.8791946308724832,0.6894736842105263,0.7728613569321534,639,False
0.781578947368421,0.9147286821705426,0.6210526315789474,0.7398119122257053,640,False
0.8184210526315789,0.8418079096045198,0.7842105263157895,0.8119891008174387,641,False
0.8263157894736842,0.8333333333333334,0.8157894736842105,0.824468085106383,642,False
0.8052631578947368,0.8536585365853658,0.7368421052631579,0.7909604519774012,643,False
0.8105263157894737,0.8172043010752689,0.8,0.8085106382978723,644,False
0.8289473684210527,0.8109452736318408,0.8578947368421053,0.8337595907928389,645,False
0.8184210526315789,0.8235294117647058,0.8105263157894737,0.8169761273209549,646,False
0.8105263157894737,0.8041237113402062,0.8210526315789474,0.8125,647,False
0.8052631578947368,0.7843137254901961,0.8421052631578947,0.8121827411167513,648,False
0.7947368421052632,0.78,0.8210526315789474,0.8,649,False
0.8,0.796875,0.8052631578947368,0.8010471204188482,650,False
0.7973684210526316,0.8265895953757225,0.7526315789473684,0.7878787878787878,651,False
0.7868421052631579,0.8865248226950354,0.6578947368421053,0.7552870090634441,652,False
0.7947368421052632,0.8373493975903614,0.7315789473684211,0.7808988764044944,653,False
0.7842105263157895,0.8292682926829268,0.7157894736842105,0.768361581920904,654,False
0.7868421052631579,0.8427672955974843,0.7052631578947368,0.7679083094555874,655,False
0.7842105263157895,0.8292682926829268,0.7157894736842105,0.768361581920904,656,False
0.7894736842105263,0.7925531914893617,0.7842105263157895,0.7883597883597884,657,False
0.7947368421052632,0.8333333333333334,0.7368421052631579,0.7821229050279329,658,False
0.7973684210526316,0.7927461139896373,0.8052631578947368,0.7989556135770235,659,False
0.8078947368421052,0.782608695652174,0.8526315789473684,0.8161209068010076,660,False
0.8026315789473685,0.7699530516431925,0.8631578947368421,0.8138957816377171,661,False
0.7973684210526316,0.8383233532934131,0.7368421052631579,0.7843137254901961,662,False
0.7921052631578948,0.8775510204081632,0.6789473684210526,0.7655786350148368,663,False
0.7973684210526316,0.7703349282296651,0.8473684210526315,0.8070175438596491,664,False
0.7921052631578948,0.7936507936507936,0.7894736842105263,0.7915567282321899,665,False
0.7868421052631579,0.7794871794871795,0.8,0.7896103896103897,666,False
0.8,0.8475609756097561,0.7315789473684211,0.7853107344632768,667,False
0.7973684210526316,0.8466257668711656,0.7263157894736842,0.7818696883852692,668,False
0.7947368421052632,0.8835616438356164,0.6789473684210526,0.7678571428571429,669,False
0.7763157894736842,0.7932960893854749,0.7473684210526316,0.7696476964769647,670,False
0.7842105263157895,0.7934782608695652,0.7684210526315789,0.7807486631016043,671,False
0.7868421052631579,0.815028901734104,0.7421052631578947,0.7768595041322314,672,False
0.7947368421052632,0.8010752688172043,0.7842105263157895,0.7925531914893617,673,False
0.8,0.8031914893617021,0.7947368421052632,0.798941798941799,674,False
0.7947368421052632,0.8733333333333333,0.6894736842105263,0.7705882352941177,675,False
0.8026315789473685,0.844311377245509,0.7421052631578947,0.7899159663865546,676,False
0.7947368421052632,0.8333333333333334,0.7368421052631579,0.7821229050279329,677,False
0.7973684210526316,0.8121546961325967,0.7736842105263158,0.7924528301886793,678,False
0.8052631578947368,0.8452380952380952,0.7473684210526316,0.7932960893854749,679,False
0.8105263157894737,0.8554216867469879,0.7473684210526316,0.797752808988764,680,False
0.7973684210526316,0.8228571428571428,0.7578947368421053,0.7890410958904109,681,False
0.8,0.8352941176470589,0.7473684210526316,0.7888888888888889,682,False
0.8105263157894737,0.8430232558139535,0.7631578947368421,0.8011049723756906,683,False
0.8157894736842105,0.8529411764705882,0.7631578947368421,0.8055555555555556,684,False
0.8184210526315789,0.8235294117647058,0.8105263157894737,0.8169761273209549,685,False
0.8105263157894737,0.8554216867469879,0.7473684210526316,0.797752808988764,686,False
0.8052631578947368,0.8085106382978723,0.8,0.8042328042328042,687,False
0.8078947368421052,0.8162162162162162,0.7947368421052632,0.8053333333333333,688,False
0.8131578947368421,0.7960199004975125,0.8421052631578947,0.8184143222506394,689,False
0.8,0.8958333333333334,0.6789473684210526,0.7724550898203593,690,False
0.8131578947368421,0.8606060606060606,0.7473684210526316,0.8,691,False
0.8,0.7908163265306123,0.8157894736842105,0.8031088082901554,692,False
0.7921052631578948,0.8535031847133758,0.7052631578947368,0.7723342939481268,693,False
0.8026315789473685,0.8484848484848485,0.7368421052631579,0.7887323943661971,694,False
0.7973684210526316,0.8424242424242424,0.7315789473684211,0.7830985915492957,695,False
0.8078947368421052,0.8305084745762712,0.7736842105263158,0.8010899182561307,696,False
0.8,0.8701298701298701,0.7052631578947368,0.7790697674418605,697,False
0.8,0.8475609756097561,0.7315789473684211,0.7853107344632768,698,False
0.8184210526315789,0.8306010928961749,0.8,0.8150134048257373,699,False
0.7973684210526316,0.8951048951048951,0.6736842105263158,0.7687687687687688,700,False
0.8131578947368421,0.8606060606060606,0.7473684210526316,0.8,701,False
0.8078947368421052,0.8633540372670807,0.7315789473684211,0.792022792022792,702,False
0.8184210526315789,0.8306010928961749,0.8,0.8150134048257373,703,False
0.8210526315789474,0.8315217391304348,0.8052631578947368,0.8181818181818182,704,False
0.7973684210526316,0.7897435897435897,0.8105263157894737,0.8,705,False
0.8026315789473685,0.8859060402684564,0.6947368421052632,0.7787610619469026,706,False
0.8,0.88,0.6947368421052632,0.7764705882352941,707,False
0.8131578947368421,0.8324022346368715,0.7842105263157895,0.8075880758807588,708,False
0.8157894736842105,0.8488372093023255,0.7684210526315789,0.8066298342541437,709,False
0.8236842105263158,0.847457627118644,0.7894736842105263,0.8174386920980926,710,False
0.7921052631578948,0.7788944723618091,0.8157894736842105,0.7969151670951157,711,False
0.7973684210526316,0.7958115183246073,0.8,0.7979002624671916,712,False
0.8184210526315789,0.8457142857142858,0.7789473684210526,0.810958904109589,713,False
0.8210526315789474,0.8630952380952381,0.7631578947368421,0.8100558659217877,714,False
0.8210526315789474,0.8910256410256411,0.7315789473684211,0.8034682080924855,715,False
0.8210526315789474,0.8765432098765432,0.7473684210526316,0.8068181818181818,716,False
0.8184210526315789,0.8418079096045198,0.7842105263157895,0.8119891008174387,717,False
0.8157894736842105,0.8409090909090909,0.7789473684210526,0.8087431693989071,718,False
0.8052631578947368,0.9328358208955224,0.6578947368421053,0.7716049382716049,719,False
0.8105263157894737,0.8105263157894737,0.8105263157894737,0.8105263157894737,720,False
0.8026315789473685,0.8859060402684564,0.6947368421052632,0.7787610619469026,721,False
0.8052631578947368,0.8222222222222222,0.7789473684210526,0.8,722,False
0.8210526315789474,0.8719512195121951,0.7526315789473684,0.807909604519774,723,False
0.8105263157894737,0.8206521739130435,0.7947368421052632,0.8074866310160428,724,False
0.8078947368421052,0.8128342245989305,0.8,0.8063660477453581,725,False
0.8052631578947368,0.7959183673469388,0.8210526315789474,0.8082901554404145,726,False
0.8026315789473685,0.8709677419354839,0.7105263157894737,0.782608695652174,727,False
0.8105263157894737,0.8072916666666666,0.8157894736842105,0.8115183246073299,728,False
0.8,0.8904109589041096,0.6842105263157895,0.7738095238095238,729,False
0.7973684210526316,0.869281045751634,0.7,0.7755102040816326,730,False
0.8210526315789474,0.8210526315789474,0.8210526315789474,0.8210526315789474,731,False
0.8078947368421052,0.8461538461538461,0.7526315789473684,0.7966573816155988,732,False
0.7868421052631579,0.9097744360902256,0.6368421052631579,0.7492260061919505,733,False
0.7894736842105263,0.7669902912621359,0.8315789473684211,0.797979797979798,734,False
0.7921052631578948,0.7707317073170732,0.8315789473684211,0.8,735,False
0.8105263157894737,0.8206521739130435,0.7947368421052632,0.8074866310160428,736,False
0.8,0.8275862068965517,0.7578947368421053,0.7912087912087912,737,False
0.8,0.8433734939759037,0.7368421052631579,0.7865168539325843,738,False
0.8052631578947368,0.8333333333333334,0.7631578947368421,0.7967032967032966,739,False
0.8157894736842105,0.8191489361702128,0.8105263157894737,0.8148148148148148,740,False
0.8184210526315789,0.8342541436464088,0.7947368421052632,0.8140161725067385,741,False
0.8,0.8518518518518519,0.7263157894736842,0.7840909090909091,742,False
0.7973684210526316,0.8466257668711656,0.7263157894736842,0.7818696883852692,743,False
0.8078947368421052,0.8633540372670807,0.7315789473684211,0.792022792022792,744,False
0.8184210526315789,0.8134715025906736,0.8263157894736842,0.8198433420365535,745,False
0.8236842105263158,0.8435754189944135,0.7947368421052632,0.8184281842818428,746,False
0.8210526315789474,0.801980198019802,0.8526315789473684,0.826530612244898,747,False
0.8131578947368421,0.8520710059171598,0.7578947368421053,0.8022284122562674,748,False
0.8105263157894737,0.8430232558139535,0.7631578947368421,0.8011049723756906,749,False
0.8,0.8701298701298701,0.7052631578947368,0.7790697674418605,750,False
0.8105263157894737,0.8072916666666666,0.8157894736842105,0.8115183246073299,751,False
0.8052631578947368,0.8452380952380952,0.7473684210526316,0.7932960893854749,752,False
0.8052631578947368,0.8717948717948718,0.7157894736842105,0.7861271676300579,753,False
0.8078947368421052,0.8268156424581006,0.7789473684210526,0.8021680216802168,754,False
0.8,0.8433734939759037,0.7368421052631579,0.7865168539325843,755,False
0.8,0.8475609756097561,0.7315789473684211,0.7853107344632768,756,False
0.8105263157894737,0.8390804597701149,0.7684210526315789,0.8021978021978022,757,False
0.8052631578947368,0.8536585365853658,0.7368421052631579,0.7909604519774012,758,False
0.8052631578947368,0.8580246913580247,0.7315789473684211,0.7897727272727273,759,False
0.8052631578947368,0.8411764705882353,0.7526315789473684,0.7944444444444444,760,False
0.8026315789473685,0.7649769585253456,0.8736842105263158,0.8157248157248157,761,False
0.8026315789473685,0.8323699421965318,0.7578947368421053,0.7933884297520661,762,False
0.8157894736842105,0.9054054054054054,0.7052631578947368,0.7928994082840237,763,False
0.8131578947368421,0.8650306748466258,0.7421052631578947,0.7988668555240793,764,False
0.8078947368421052,0.838150289017341,0.7631578947368421,0.7988980716253443,765,False
0.7947368421052632,0.7745098039215687,0.8315789473684211,0.8020304568527918,766,False
0.8026315789473685,0.7889447236180904,0.8263157894736842,0.8071979434447301,767,False
0.7947368421052632,0.8010752688172043,0.7842105263157895,0.7925531914893617,768,False
0.8026315789473685,0.8108108108108109,0.7894736842105263,0.8,769,False
0.7552631578947369,0.9292035398230089,0.5526315789473685,0.693069306930693,770,False
0.8105263157894737,0.8881578947368421,0.7105263157894737,0.7894736842105263,771,False
0.8078947368421052,0.8774193548387097,0.7157894736842105,0.7884057971014493,772,False
0.8105263157894737,0.8641975308641975,0.7368421052631579,0.7954545454545454,773,False
0.8157894736842105,0.8225806451612904,0.8052631578947368,0.8138297872340425,774,False
0.8,0.7878787878787878,0.8210526315789474,0.8041237113402062,775,False
0.8,0.7908163265306123,0.8157894736842105,0.8031088082901554,776,False
0.8078947368421052,0.8095238095238095,0.8052631578947368,0.8073878627968337,777,False
0.8026315789473685,0.7979274611398963,0.8105263157894737,0.804177545691906,778,False
0.8052631578947368,0.7761904761904762,0.8578947368421053,0.815,779,False
0.7973684210526316,0.7868020304568528,0.8157894736842105,0.8010335917312662,780,False
0.8184210526315789,0.8579881656804734,0.7631578947368421,0.807799442896936,781,False
0.8131578947368421,0.8650306748466258,0.7421052631578947,0.7988668555240793,782,False
0.8210526315789474,0.8315217391304348,0.8052631578947368,0.8181818181818182,783,False
0.8105263157894737,0.8138297872340425,0.8052631578947368,0.8095238095238095,784,False
0.8157894736842105,0.803030303030303,0.8368421052631579,0.8195876288659794,785,False
0.8157894736842105,0.8092783505154639,0.8263157894736842,0.8177083333333334,786,False
0.8078947368421052,0.7853658536585366,0.8473684210526315,0.8151898734177215,787,False
0.8052631578947368,0.7788461538461539,0.8526315789473684,0.8140703517587939,788,False
0.8157894736842105,0.8092783505154639,0.8263157894736842,0.8177083333333334,789,False
0.8052631578947368,0.8372093023255814,0.7578947368421053,0.7955801104972375,790,False
0.8052631578947368,0.8493975903614458,0.7421052631578947,0.7921348314606742,791,False
0.8052631578947368,0.8372093023255814,0.7578947368421053,0.7955801104972375,792,False
0.8157894736842105,0.8333333333333334,0.7894736842105263,0.8108108108108109,793,False
0.7947368421052632,0.8414634146341463,0.7263157894736842,0.7796610169491526,794,False
0.8,0.85625,0.7210526315789474,0.7828571428571428,795,False
0.8184210526315789,0.827027027027027,0.8052631578947368,0.816,796,False
0.8026315789473685,0.7889447236180904,0.8263157894736842,0.8071979434447301,797,False
0.8157894736842105,0.8333333333333334,0.7894736842105263,0.8108108108108109,798,False
0.8052631578947368,0.8411764705882353,0.7526315789473684,0.7944444444444444,799,False
0.8105263157894737,0.8470588235294118,0.7578947368421053,0.8,800,False
0.7947368421052632,0.85,0.7157894736842105,0.7771428571428571,801,False
0.7973684210526316,0.869281045751634,0.7,0.7755102040816326,802,False
0.8263157894736842,0.848314606741573,0.7947368421052632,0.8206521739130435,803,False
0.8,0.8607594936708861,0.7157894736842105,0.7816091954022989,804,False
0.8210526315789474,0.8112244897959183,0.8368421052631579,0.8238341968911918,805,False
0.8105263157894737,0.8470588235294118,0.7578947368421053,0.8,806,False
0.8210526315789474,0.8465909090909091,0.7842105263157895,0.8142076502732241,807,False
0.8157894736842105,0.8333333333333334,0.7894736842105263,0.8108108108108109,808,False
0.8157894736842105,0.8370786516853933,0.7842105263157895,0.8097826086956522,809,False
0.7578947368421053,0.6991869918699187,0.9052631578947369,0.7889908256880734,810,False
0.8131578947368421,0.8082901554404145,0.8210526315789474,0.814621409921671,811,False
0.8026315789473685,0.8362573099415205,0.7526315789473684,0.7922437673130194,812,False
0.8105263157894737,0.8986486486486487,0.7,0.7869822485207101,813,False
0.8078947368421052,0.8421052631578947,0.7578947368421053,0.7977839335180056,814,False
0.8184210526315789,0.8342541436464088,0.7947368421052632,0.8140161725067385,815,False
0.8131578947368421,0.8439306358381503,0.7684210526315789,0.8044077134986226,816,False
0.7736842105263158,0.9333333333333333,0.5894736842105263,0.7225806451612903,817,False
0.8184210526315789,0.8134715025906736,0.8263157894736842,0.8198433420365535,818,False
0.8078947368421052,0.8633540372670807,0.7315789473684211,0.792022792022792,819,False
0.8157894736842105,0.8448275862068966,0.7736842105263158,0.8076923076923077,820,False
0.8078947368421052,0.8502994011976048,0.7473684210526316,0.7955182072829131,821,False
0.8184210526315789,0.8379888268156425,0.7894736842105263,0.8130081300813008,822,False
0.8210526315789474,0.8465909090909091,0.7842105263157895,0.8142076502732241,823,False
0.8157894736842105,0.8409090909090909,0.7789473684210526,0.8087431693989071,824,False
0.7789473684210526,0.7245762711864406,0.9,0.8028169014084507,825,False
0.8026315789473685,0.7860696517412935,0.8315789473684211,0.8081841432225064,826,False
0.7894736842105263,0.8395061728395061,0.7157894736842105,0.7727272727272727,827,False
0.8052631578947368,0.8452380952380952,0.7473684210526316,0.7932960893854749,828,False
0.7921052631578948,0.8066298342541437,0.7684210526315789,0.7870619946091644,829,False
0.7868421052631579,0.7945945945945946,0.7736842105263158,0.784,830,False
0.8,0.8392857142857143,0.7421052631578947,0.7877094972067039,831,False
0.8026315789473685,0.8484848484848485,0.7368421052631579,0.7887323943661971,832,False
0.8026315789473685,0.8108108108108109,0.7894736842105263,0.8,833,False
0.7973684210526316,0.755656108597285,0.8789473684210526,0.8126520681265207,834,False
0.8,0.7567567567567568,0.8842105263157894,0.8155339805825242,835,False
0.7447368421052631,0.6768060836501901,0.9368421052631579,0.7858719646799117,836,False
0.7894736842105263,0.7956989247311828,0.7789473684210526,0.7872340425531915,837,False
0.7868421052631579,0.815028901734104,0.7421052631578947,0.7768595041322314,838,False
0.7921052631578948,0.8032786885245902,0.7736842105263158,0.7882037533512064,839,False
0.7921052631578948,0.7846153846153846,0.8052631578947368,0.7948051948051948,840,False
0.7921052631578948,0.8032786885245902,0.7736842105263158,0.7882037533512064,841,False
0.8052631578947368,0.7843137254901961,0.8421052631578947,0.8121827411167513,842,False
0.781578947368421,0.8496732026143791,0.6842105263157895,0.7580174927113703,843,False
0.7894736842105263,0.8353658536585366,0.7210526315789474,0.7740112994350282,844,False
0.8,0.8031914893617021,0.7947368421052632,0.798941798941799,845,False
0.781578947368421,0.8322981366459627,0.7052631578947368,0.7635327635327636,846,False
0.781578947368421,0.8543046357615894,0.6789473684210526,0.7565982404692082,847,False
0.8078947368421052,0.7881773399014779,0.8421052631578947,0.8142493638676844,848,False
0.8026315789473685,0.7979274611398963,0.8105263157894737,0.804177545691906,849,False
0.7894736842105263,0.8197674418604651,0.7421052631578947,0.7790055248618785,850,False
0.7947368421052632,0.8255813953488372,0.7473684210526316,0.7845303867403315,851,False
0.7973684210526316,0.8304093567251462,0.7473684210526316,0.7867036011080333,852,False
0.7947368421052632,0.8043478260869565,0.7789473684210526,0.7914438502673797,853,False
0.7868421052631579,0.8114285714285714,0.7473684210526316,0.7780821917808219,854,False
0.781578947368421,0.8203592814371258,0.7210526315789474,0.7675070028011205,855,False
0.7921052631578948,0.8284023668639053,0.7368421052631579,0.7799442896935933,856,False
0.7947368421052632,0.8218390804597702,0.7526315789473684,0.7857142857142857,857,False
0.8052631578947368,0.8085106382978723,0.8,0.8042328042328042,858,False
0.8105263157894737,0.8138297872340425,0.8052631578947368,0.8095238095238095,859,False
0.8105263157894737,0.797979797979798,0.8315789473684211,0.8144329896907216,860,False
0.7894736842105263,0.84375,0.7105263157894737,0.7714285714285715,861,False
0.8131578947368421,0.8181818181818182,0.8052631578947368,0.8116710875331565,862,False
0.8131578947368421,0.8287292817679558,0.7894736842105263,0.8086253369272237,863,False
0.8105263157894737,0.797979797979798,0.8315789473684211,0.8144329896907216,864,False
0.8105263157894737,0.8072916666666666,0.8157894736842105,0.8115183246073299,865,False
0.8105263157894737,0.8105263157894737,0.8105263157894737,0.8105263157894737,866,False
0.8078947368421052,0.819672131147541,0.7894736842105263,0.8042895442359249,867,False
0.8,0.8275862068965517,0.7578947368421053,0.7912087912087912,868,False
0.8026315789473685,0.8807947019867549,0.7,0.7800586510263929,869,False
0.8052631578947368,0.8333333333333334,0.7631578947368421,0.7967032967032966,870,False
0.8105263157894737,0.8390804597701149,0.7684210526315789,0.8021978021978022,871,False
0.8078947368421052,0.8545454545454545,0.7421052631578947,0.7943661971830986,872,False
0.7973684210526316,0.7627906976744186,0.8631578947368421,0.8098765432098766,873,False
0.8026315789473685,0.7948717948717948,0.8157894736842105,0.8051948051948052,874,False
0.8052631578947368,0.8118279569892473,0.7947368421052632,0.8031914893617021,875,False
0.8026315789473685,0.8402366863905325,0.7473684210526316,0.7910863509749304,876,False
0.8,0.796875,0.8052631578947368,0.8010471204188482,877,False
0.8052631578947368,0.7871287128712872,0.8368421052631579,0.8112244897959183,878,False
0.8052631578947368,0.8493975903614458,0.7421052631578947,0.7921348314606742,879,False
0.8052631578947368,0.8766233766233766,0.7105263157894737,0.7848837209302325,880,False
0.8131578947368421,0.8838709677419355,0.7210526315789474,0.7942028985507247,881,False
0.8026315789473685,0.7832512315270936,0.8368421052631579,0.8091603053435115,882,False
0.8,0.7878787878787878,0.8210526315789474,0.8041237113402062,883,False
0.8078947368421052,0.838150289017341,0.7631578947368421,0.7988980716253443,884,False
0.8052631578947368,0.8052631578947368,0.8052631578947368,0.8052631578947368,885,False
0.8105263157894737,0.8010204081632653,0.8263157894736842,0.8134715025906736,886,False
0.8078947368421052,0.7969543147208121,0.8263157894736842,0.8113695090439277,887,False
0.8026315789473685,0.7889447236180904,0.8263157894736842,0.8071979434447301,888,False
0.8105263157894737,0.8138297872340425,0.8052631578947368,0.8095238095238095,889,False
0.8131578947368421,0.8439306358381503,0.7684210526315789,0.8044077134986226,890,False
0.8131578947368421,0.847953216374269,0.7631578947368421,0.8033240997229917,891,False
0.8078947368421052,0.8162162162162162,0.7947368421052632,0.8053333333333333,892,False
0.8105263157894737,0.8105263157894737,0.8105263157894737,0.8105263157894737,893,False
0.8052631578947368,0.7959183673469388,0.8210526315789474,0.8082901554404145,894,False
0.8026315789473685,0.7725118483412322,0.8578947368421053,0.8129675810473815,895,False
0.8078947368421052,0.8095238095238095,0.8052631578947368,0.8073878627968337,896,False
0.8026315789473685,0.8108108108108109,0.7894736842105263,0.8,897,False
0.8078947368421052,0.819672131147541,0.7894736842105263,0.8042895442359249,898,False
0.8078947368421052,0.8,0.8210526315789474,0.8103896103896104,899,False
0.8078947368421052,0.782608695652174,0.8526315789473684,0.8161209068010076,900,False
0.8052631578947368,0.79,0.8315789473684211,0.8102564102564103,901,False
0.8052631578947368,0.8580246913580247,0.7315789473684211,0.7897727272727273,902,False
0.8078947368421052,0.7799043062200957,0.8578947368421053,0.8170426065162907,903,False
0.8,0.7908163265306123,0.8157894736842105,0.8031088082901554,904,False
0.8026315789473685,0.7948717948717948,0.8157894736842105,0.8051948051948052,905,False
0.7973684210526316,0.7868020304568528,0.8157894736842105,0.8010335917312662,906,False
0.8078947368421052,0.819672131147541,0.7894736842105263,0.8042895442359249,907,False
0.7921052631578948,0.8171428571428572,0.7526315789473684,0.7835616438356164,908,False
0.8026315789473685,0.8362573099415205,0.7526315789473684,0.7922437673130194,909,False
0.8105263157894737,0.8470588235294118,0.7578947368421053,0.8,910,False
0.8105263157894737,0.8554216867469879,0.7473684210526316,0.797752808988764,911,False
0.8078947368421052,0.7969543147208121,0.8263157894736842,0.8113695090439277,912,False
0.8157894736842105,0.8488372093023255,0.7684210526315789,0.8066298342541437,913,False
0.8052631578947368,0.8258426966292135,0.7736842105263158,0.7989130434782609,914,False
0.8131578947368421,0.8082901554404145,0.8210526315789474,0.814621409921671,915,False
0.8052631578947368,0.8536585365853658,0.7368421052631579,0.7909604519774012,916,False
0.8026315789473685,0.7777777777777778,0.8473684210526315,0.8110831234256927,917,False
0.8,0.8352941176470589,0.7473684210526316,0.7888888888888889,918,False
0.781578947368421,0.8741258741258742,0.6578947368421053,0.7507507507507507,919,False
0.8105263157894737,0.8138297872340425,0.8052631578947368,0.8095238095238095,920,False
0.8078947368421052,0.8095238095238095,0.8052631578947368,0.8073878627968337,921,False
0.8105263157894737,0.8172043010752689,0.8,0.8085106382978723,922,False
0.8,0.85625,0.7210526315789474,0.7828571428571428,923,False
0.7947368421052632,0.8294117647058824,0.7421052631578947,0.7833333333333333,924,False
0.8052631578947368,0.7843137254901961,0.8421052631578947,0.8121827411167513,925,False
0.8052631578947368,0.8222222222222222,0.7789473684210526,0.8,926,False
0.8105263157894737,0.8138297872340425,0.8052631578947368,0.8095238095238095,927,False
0.8078947368421052,0.8588957055214724,0.7368421052631579,0.7932011331444759,928,False
0.7763157894736842,0.723404255319149,0.8947368421052632,0.8,929,False
0.8052631578947368,0.7959183673469388,0.8210526315789474,0.8082901554404145,930,False
0.8026315789473685,0.8807947019867549,0.7,0.7800586510263929,931,False
0.8,0.8607594936708861,0.7157894736842105,0.7816091954022989,932,False
0.8,0.8433734939759037,0.7368421052631579,0.7865168539325843,933,False
0.8131578947368421,0.8148148148148148,0.8105263157894737,0.8126649076517151,934,False
0.8026315789473685,0.852760736196319,0.7315789473684211,0.7875354107648725,935,False
0.8078947368421052,0.8305084745762712,0.7736842105263158,0.8010899182561307,936,False
0.8131578947368421,0.8082901554404145,0.8210526315789474,0.814621409921671,937,False
0.7947368421052632,0.8414634146341463,0.7263157894736842,0.7796610169491526,938,False
0.8026315789473685,0.7979274611398963,0.8105263157894737,0.804177545691906,939,False
0.8026315789473685,0.8248587570621468,0.7684210526315789,0.7956403269754768,940,False
0.7947368421052632,0.8076923076923077,0.7736842105263158,0.7903225806451613,941,False
0.8,0.8166666666666667,0.7736842105263158,0.7945945945945946,942,False
0.7947368421052632,0.8218390804597702,0.7526315789473684,0.7857142857142857,943,False
0.7947368421052632,0.8294117647058824,0.7421052631578947,0.7833333333333333,944,False
0.8078947368421052,0.8128342245989305,0.8,0.8063660477453581,945,False
0.7894736842105263,0.84375,0.7105263157894737,0.7714285714285715,946,False
0.8131578947368421,0.8082901554404145,0.8210526315789474,0.814621409921671,947,False
0.7947368421052632,0.7616822429906542,0.8578947368421053,0.806930693069307,948,False
0.8078947368421052,0.819672131147541,0.7894736842105263,0.8042895442359249,949,False
0.8,0.8,0.8,0.8,950,False
0.7973684210526316,0.8741721854304636,0.6947368421052632,0.7741935483870968,951,False
0.7973684210526316,0.775609756097561,0.8368421052631579,0.8050632911392405,952,False
0.7868421052631579,0.8385093167701864,0.7105263157894737,0.7692307692307693,953,False
0.7763157894736842,0.847682119205298,0.6736842105263158,0.750733137829912,954,False
0.7868421052631579,0.8011049723756906,0.7631578947368421,0.7816711590296496,955,False
0.781578947368421,0.7988826815642458,0.7526315789473684,0.7750677506775068,956,False
0.7921052631578948,0.8404907975460123,0.7210526315789474,0.7762039660056658,957,False
0.7868421052631579,0.7914438502673797,0.7789473684210526,0.7851458885941645,958,False
0.8026315789473685,0.7804878048780488,0.8421052631578947,0.810126582278481,959,False
0.7947368421052632,0.8218390804597702,0.7526315789473684,0.7857142857142857,960,False
0.7921052631578948,0.7817258883248731,0.8105263157894737,0.7958656330749354,961,False
0.7921052631578948,0.8245614035087719,0.7421052631578947,0.7811634349030471,962,False
0.7973684210526316,0.8466257668711656,0.7263157894736842,0.7818696883852692,963,False
0.8,0.8238636363636364,0.7631578947368421,0.7923497267759563,964,False
0.7973684210526316,0.8121546961325967,0.7736842105263158,0.7924528301886793,965,False
0.7973684210526316,0.8121546961325967,0.7736842105263158,0.7924528301886793,966,False
0.8026315789473685,0.8285714285714286,0.7631578947368421,0.7945205479452054,967,False
0.7947368421052632,0.8181818181818182,0.7578947368421053,0.7868852459016393,968,False
0.7921052631578948,0.84472049689441,0.7157894736842105,0.7749287749287749,969,False
0.7921052631578948,0.7875647668393783,0.8,0.793733681462141,970,False
0.7868421052631579,0.8385093167701864,0.7105263157894737,0.7692307692307693,971,False
0.7947368421052632,0.8255813953488372,0.7473684210526316,0.7845303867403315,972,False
0.7921052631578948,0.8323353293413174,0.7315789473684211,0.7787114845938375,973,False
0.7868421052631579,0.8385093167701864,0.7105263157894737,0.7692307692307693,974,False
0.8,0.8392857142857143,0.7421052631578947,0.7877094972067039,975,False
0.8052631578947368,0.8258426966292135,0.7736842105263158,0.7989130434782609,976,False
0.8131578947368421,0.8216216216216217,0.8,0.8106666666666666,977,False
0.7921052631578948,0.8404907975460123,0.7210526315789474,0.7762039660056658,978,False
0.8,0.8475609756097561,0.7315789473684211,0.7853107344632768,979,False
0.7973684210526316,0.755656108597285,0.8789473684210526,0.8126520681265207,980,False
0.8105263157894737,0.8010204081632653,0.8263157894736842,0.8134715025906736,981,False
0.8078947368421052,0.8268156424581006,0.7789473684210526,0.8021680216802168,982,False
0.8105263157894737,0.8138297872340425,0.8052631578947368,0.8095238095238095,983,False
0.7605263157894737,0.9459459459459459,0.5526315789473685,0.6976744186046512,984,False
0.8026315789473685,0.8709677419354839,0.7105263157894737,0.782608695652174,985,False
0.8263157894736842,0.8369565217391305,0.8105263157894737,0.8235294117647058,986,False
0.8184210526315789,0.8235294117647058,0.8105263157894737,0.8169761273209549,987,False
0.7973684210526316,0.8896551724137931,0.6789473684210526,0.7701492537313432,988,False
0.7973684210526316,0.7533632286995515,0.8842105263157894,0.8135593220338984,989,False
0.8,0.8275862068965517,0.7578947368421053,0.7912087912087912,990,False
0.8,0.7878787878787878,0.8210526315789474,0.8041237113402062,991,False
0.7894736842105263,0.8571428571428571,0.6947368421052632,0.7674418604651163,992,False
0.8026315789473685,0.8402366863905325,0.7473684210526316,0.7910863509749304,993,False
0.7947368421052632,0.8544303797468354,0.7105263157894737,0.7758620689655172,994,False
0.8026315789473685,0.8248587570621468,0.7684210526315789,0.7956403269754768,995,False
0.7973684210526316,0.8192090395480226,0.7631578947368421,0.7901907356948229,996,False
0.8078947368421052,0.8,0.8210526315789474,0.8103896103896104,997,False
0.7868421052631579,0.8562091503267973,0.6894736842105263,0.7638483965014577,998,False
0.7921052631578948,0.8284023668639053,0.7368421052631579,0.7799442896935933,999,False
